time_code,value,series_name,nbs_code,frequency
200001,0,CPI_YoY,A01030101,Monthly
200002,0,CPI_YoY,A01030101,Monthly
200003,0,CPI_YoY,A01030101,Monthly
200004,0,CPI_YoY,A01030101,Monthly
200005,0,CPI_YoY,A01030101,Monthly
200006,0,CPI_YoY,A01030101,Monthly
200007,0,CPI_YoY,A01030101,Monthly
200008,0,CPI_YoY,A01030101,Monthly
200009,0,CPI_YoY,A01030101,Monthly
200010,0,CPI_YoY,A01030101,Monthly
200011,0,CPI_YoY,A01030101,Monthly
200012,100,CPI_YoY,A01030101,Monthly
200101,100.9,CPI_YoY,A01030101,Monthly
200102,100.1,CPI_YoY,A01030101,Monthly
200103,99.4,CPI_YoY,A01030101,Monthly
200104,100.2,CPI_YoY,A01030101,Monthly
200105,99.5,CPI_YoY,A01030101,Monthly
200106,98.8,CPI_YoY,A01030101,Monthly
200107,99.5,CPI_YoY,A01030101,Monthly
200108,100.1,CPI_YoY,A01030101,Monthly
200109,100.9,CPI_YoY,A01030101,Monthly
200110,100.3,CPI_YoY,A01030101,Monthly
200111,99.8,CPI_YoY,A01030101,Monthly
200112,100.1,CPI_YoY,A01030101,Monthly
200201,100.3,CPI_YoY,A01030101,Monthly
200202,101.1,CPI_YoY,A01030101,Monthly
200203,98.7,CPI_YoY,A01030101,Monthly
200204,99.7,CPI_YoY,A01030101,Monthly
200205,99.7,CPI_YoY,A01030101,Monthly
200206,99.1,CPI_YoY,A01030101,Monthly
200207,99.3,CPI_YoY,A01030101,Monthly
200208,100.3,CPI_YoY,A01030101,Monthly
200209,101,CPI_YoY,A01030101,Monthly
200210,100.2,CPI_YoY,A01030101,Monthly
200211,99.9,CPI_YoY,A01030101,Monthly
200212,100.3,CPI_YoY,A01030101,Monthly
200301,100.1,CPI_YoY,A01030101,Monthly
200302,100.9,CPI_YoY,A01030101,Monthly
200303,99.4,CPI_YoY,A01030101,Monthly
200304,99.8,CPI_YoY,A01030101,Monthly
200305,99.3,CPI_YoY,A01030101,Monthly
200306,98.9,CPI_YoY,A01030101,Monthly
200307,99.5,CPI_YoY,A01030101,Monthly
200308,100.7,CPI_YoY,A01030101,Monthly
200309,101.2,CPI_YoY,A01030101,Monthly
200310,100.9,CPI_YoY,A01030101,Monthly
200311,101,CPI_YoY,A01030101,Monthly
200312,100.6,CPI_YoY,A01030101,Monthly
200401,101.1,CPI_YoY,A01030101,Monthly
200402,99.8,CPI_YoY,A01030101,Monthly
200403,100.3,CPI_YoY,A01030101,Monthly
200404,100.5,CPI_YoY,A01030101,Monthly
200405,99.9,CPI_YoY,A01030101,Monthly
200406,99.3,CPI_YoY,A01030101,Monthly
200407,99.8,CPI_YoY,A01030101,Monthly
200408,100.7,CPI_YoY,A01030101,Monthly
200409,101.1,CPI_YoY,A01030101,Monthly
200410,100,CPI_YoY,A01030101,Monthly
200411,99.7,CPI_YoY,A01030101,Monthly
200412,100.1,CPI_YoY,A01030101,Monthly
200501,100.6,CPI_YoY,A01030101,Monthly
200502,101.8,CPI_YoY,A01030101,Monthly
200503,99.1,CPI_YoY,A01030101,Monthly
200504,99.7,CPI_YoY,A01030101,Monthly
200505,99.8,CPI_YoY,A01030101,Monthly
200506,99.2,CPI_YoY,A01030101,Monthly
200507,100,CPI_YoY,A01030101,Monthly
200508,100.2,CPI_YoY,A01030101,Monthly
200509,100.7,CPI_YoY,A01030101,Monthly
200510,100.4,CPI_YoY,A01030101,Monthly
200511,99.7,CPI_YoY,A01030101,Monthly
200512,100.4,CPI_YoY,A01030101,Monthly
200601,101.3,CPI_YoY,A01030101,Monthly
200602,100.5,CPI_YoY,A01030101,Monthly
200603,99.1,CPI_YoY,A01030101,Monthly
200604,100.2,CPI_YoY,A01030101,Monthly
200605,99.9,CPI_YoY,A01030101,Monthly
200606,99.5,CPI_YoY,A01030101,Monthly
200607,99.7,CPI_YoY,A01030101,Monthly
200608,100.3,CPI_YoY,A01030101,Monthly
200609,100.5,CPI_YoY,A01030101,Monthly
200610,100.1,CPI_YoY,A01030101,Monthly
200611,100.3,CPI_YoY,A01030101,Monthly
200612,101.4,CPI_YoY,A01030101,Monthly
200701,100.7,CPI_YoY,A01030101,Monthly
200702,101,CPI_YoY,A01030101,Monthly
200703,99.7,CPI_YoY,A01030101,Monthly
200704,99.9,CPI_YoY,A01030101,Monthly
200705,100.3,CPI_YoY,A01030101,Monthly
200706,100.4,CPI_YoY,A01030101,Monthly
200707,100.9,CPI_YoY,A01030101,Monthly
200708,101.2,CPI_YoY,A01030101,Monthly
200709,100.3,CPI_YoY,A01030101,Monthly
200710,100.3,CPI_YoY,A01030101,Monthly
200711,100.7,CPI_YoY,A01030101,Monthly
200712,101,CPI_YoY,A01030101,Monthly
200801,101.2,CPI_YoY,A01030101,Monthly
200802,102.6,CPI_YoY,A01030101,Monthly
200803,99.3,CPI_YoY,A01030101,Monthly
200804,100.1,CPI_YoY,A01030101,Monthly
200805,99.6,CPI_YoY,A01030101,Monthly
200806,99.8,CPI_YoY,A01030101,Monthly
200807,100.1,CPI_YoY,A01030101,Monthly
200808,99.9,CPI_YoY,A01030101,Monthly
200809,100,CPI_YoY,A01030101,Monthly
200810,99.7,CPI_YoY,A01030101,Monthly
200811,99.2,CPI_YoY,A01030101,Monthly
200812,99.8,CPI_YoY,A01030101,Monthly
200901,100.9,CPI_YoY,A01030101,Monthly
200902,100,CPI_YoY,A01030101,Monthly
200903,99.7,CPI_YoY,A01030101,Monthly
200904,99.8,CPI_YoY,A01030101,Monthly
200905,99.7,CPI_YoY,A01030101,Monthly
200906,99.5,CPI_YoY,A01030101,Monthly
200907,100,CPI_YoY,A01030101,Monthly
200908,100.5,CPI_YoY,A01030101,Monthly
200909,100.4,CPI_YoY,A01030101,Monthly
200910,99.9,CPI_YoY,A01030101,Monthly
200911,100.3,CPI_YoY,A01030101,Monthly
200912,101,CPI_YoY,A01030101,Monthly
201001,100.6,CPI_YoY,A01030101,Monthly
201002,101.2,CPI_YoY,A01030101,Monthly
201003,99.3,CPI_YoY,A01030101,Monthly
201004,100.2,CPI_YoY,A01030101,Monthly
201005,99.9,CPI_YoY,A01030101,Monthly
201006,99.4,CPI_YoY,A01030101,Monthly
201007,100.4,CPI_YoY,A01030101,Monthly
201008,100.6,CPI_YoY,A01030101,Monthly
201009,100.6,CPI_YoY,A01030101,Monthly
201010,100.7,CPI_YoY,A01030101,Monthly
201011,101.1,CPI_YoY,A01030101,Monthly
201012,100.5,CPI_YoY,A01030101,Monthly
201101,101,CPI_YoY,A01030101,Monthly
201102,101.2,CPI_YoY,A01030101,Monthly
201103,99.8,CPI_YoY,A01030101,Monthly
201104,100.1,CPI_YoY,A01030101,Monthly
201105,100.1,CPI_YoY,A01030101,Monthly
201106,100.3,CPI_YoY,A01030101,Monthly
201107,100.5,CPI_YoY,A01030101,Monthly
201108,100.3,CPI_YoY,A01030101,Monthly
201109,100.5,CPI_YoY,A01030101,Monthly
201110,100.1,CPI_YoY,A01030101,Monthly
201111,99.8,CPI_YoY,A01030101,Monthly
201112,100.3,CPI_YoY,A01030101,Monthly
201201,101.5,CPI_YoY,A01030101,Monthly
201202,99.9,CPI_YoY,A01030101,Monthly
201203,100.2,CPI_YoY,A01030101,Monthly
201204,99.9,CPI_YoY,A01030101,Monthly
201205,99.7,CPI_YoY,A01030101,Monthly
201206,99.4,CPI_YoY,A01030101,Monthly
201207,100.1,CPI_YoY,A01030101,Monthly
201208,100.6,CPI_YoY,A01030101,Monthly
201209,100.3,CPI_YoY,A01030101,Monthly
201210,99.9,CPI_YoY,A01030101,Monthly
201211,100.1,CPI_YoY,A01030101,Monthly
201212,100.8,CPI_YoY,A01030101,Monthly
201301,101,CPI_YoY,A01030101,Monthly
201302,101.1,CPI_YoY,A01030101,Monthly
201303,99.1,CPI_YoY,A01030101,Monthly
201304,100.2,CPI_YoY,A01030101,Monthly
201305,99.4,CPI_YoY,A01030101,Monthly
201306,100,CPI_YoY,A01030101,Monthly
201307,100.1,CPI_YoY,A01030101,Monthly
201308,100.5,CPI_YoY,A01030101,Monthly
201309,100.8,CPI_YoY,A01030101,Monthly
201310,100.1,CPI_YoY,A01030101,Monthly
201311,99.9,CPI_YoY,A01030101,Monthly
201312,100.3,CPI_YoY,A01030101,Monthly
201401,101,CPI_YoY,A01030101,Monthly
201402,100.5,CPI_YoY,A01030101,Monthly
201403,99.5,CPI_YoY,A01030101,Monthly
201404,99.7,CPI_YoY,A01030101,Monthly
201405,100.1,CPI_YoY,A01030101,Monthly
201406,99.1,CPI_YoY,A01030101,Monthly
201407,100.1,CPI_YoY,A01030101,Monthly
201408,100.2,CPI_YoY,A01030101,Monthly
201409,100.5,CPI_YoY,A01030101,Monthly
201410,100,CPI_YoY,A01030101,Monthly
201411,99.8,CPI_YoY,A01030101,Monthly
201412,100.3,CPI_YoY,A01030101,Monthly
201501,100.3,CPI_YoY,A01030101,Monthly
201502,101.2,CPI_YoY,A01030101,Monthly
201503,99.5,CPI_YoY,A01030101,Monthly
201504,99.8,CPI_YoY,A01030101,Monthly
201505,99.8,CPI_YoY,A01030101,Monthly
201506,100,CPI_YoY,A01030101,Monthly
201507,100.3,CPI_YoY,A01030101,Monthly
201508,100.5,CPI_YoY,A01030101,Monthly
201509,100.1,CPI_YoY,A01030101,Monthly
201510,99.7,CPI_YoY,A01030101,Monthly
201511,100,CPI_YoY,A01030101,Monthly
201512,100.5,CPI_YoY,A01030101,Monthly
201601,100.5330596,CPI_YoY,A01030101,Monthly
201602,101.5623482,CPI_YoY,A01030101,Monthly
201603,99.56946232,CPI_YoY,A01030101,Monthly
201604,99.82058635,CPI_YoY,A01030101,Monthly
201605,99.54414484,CPI_YoY,A01030101,Monthly
201606,99.86876515,CPI_YoY,A01030101,Monthly
201607,100.1945494,CPI_YoY,A01030101,Monthly
201608,100.0600045,CPI_YoY,A01030101,Monthly
201609,100.6726468,CPI_YoY,A01030101,Monthly
201610,99.87992689,CPI_YoY,A01030101,Monthly
201611,100.144379,CPI_YoY,A01030101,Monthly
201612,100.2240058,CPI_YoY,A01030101,Monthly
201701,100.9984247,CPI_YoY,A01030101,Monthly
201702,99.83211425,CPI_YoY,A01030101,Monthly
201703,99.68318747,CPI_YoY,A01030101,Monthly
201704,100.0665377,CPI_YoY,A01030101,Monthly
201705,99.88978174,CPI_YoY,A01030101,Monthly
201706,99.84786214,CPI_YoY,A01030101,Monthly
201707,100.1066159,CPI_YoY,A01030101,Monthly
201708,100.4156853,CPI_YoY,A01030101,Monthly
201709,100.5388975,CPI_YoY,A01030101,Monthly
201710,100.1122281,CPI_YoY,A01030101,Monthly
201711,100.0128196,CPI_YoY,A01030101,Monthly
201712,100.3359776,CPI_YoY,A01030101,Monthly
201801,100.621346,CPI_YoY,A01030101,Monthly
201802,101.2448861,CPI_YoY,A01030101,Monthly
201803,98.86247096,CPI_YoY,A01030101,Monthly
201804,99.8,CPI_YoY,A01030101,Monthly
201805,99.8,CPI_YoY,A01030101,Monthly
201806,99.94906442,CPI_YoY,A01030101,Monthly
201807,100.3088741,CPI_YoY,A01030101,Monthly
201808,100.655483,CPI_YoY,A01030101,Monthly
201809,100.7052318,CPI_YoY,A01030101,Monthly
201810,100.1813555,CPI_YoY,A01030101,Monthly
201811,99.6537928,CPI_YoY,A01030101,Monthly
201812,100.0272929,CPI_YoY,A01030101,Monthly
201901,100.5025222,CPI_YoY,A01030101,Monthly
201902,100.9924753,CPI_YoY,A01030101,Monthly
201903,99.6316896,CPI_YoY,A01030101,Monthly
201904,100.0743442,CPI_YoY,A01030101,Monthly
201905,100.0364924,CPI_YoY,A01030101,Monthly
201906,99.88935613,CPI_YoY,A01030101,Monthly
201907,100.4077313,CPI_YoY,A01030101,Monthly
201908,100.7150534,CPI_YoY,A01030101,Monthly
201909,100.88107,CPI_YoY,A01030101,Monthly
201910,100.8932215,CPI_YoY,A01030101,Monthly
201911,100.358131,CPI_YoY,A01030101,Monthly
201912,99.99546073,CPI_YoY,A01030101,Monthly
202001,101.3967482,CPI_YoY,A01030101,Monthly
202002,100.7914258,CPI_YoY,A01030101,Monthly
202003,98.77465901,CPI_YoY,A01030101,Monthly
202004,99.13562856,CPI_YoY,A01030101,Monthly
202005,99.20915009,CPI_YoY,A01030101,Monthly
202006,99.93391647,CPI_YoY,A01030101,Monthly
202007,100.615861,CPI_YoY,A01030101,Monthly
202008,100.4009715,CPI_YoY,A01030101,Monthly
202009,100.232541,CPI_YoY,A01030101,Monthly
202010,99.7,CPI_YoY,A01030101,Monthly
202011,99.4,CPI_YoY,A01030101,Monthly
202012,100.7,CPI_YoY,A01030101,Monthly
202101,101,CPI_YoY,A01030101,Monthly
202102,100.6,CPI_YoY,A01030101,Monthly
202103,99.5,CPI_YoY,A01030101,Monthly
202104,99.7,CPI_YoY,A01030101,Monthly
202105,99.8,CPI_YoY,A01030101,Monthly
202106,99.6,CPI_YoY,A01030101,Monthly
202107,100.3,CPI_YoY,A01030101,Monthly
202108,100.1,CPI_YoY,A01030101,Monthly
202109,100,CPI_YoY,A01030101,Monthly
202110,100.7,CPI_YoY,A01030101,Monthly
202111,100.4,CPI_YoY,A01030101,Monthly
202112,99.7,CPI_YoY,A01030101,Monthly
202201,100.4,CPI_YoY,A01030101,Monthly
202202,100.6,CPI_YoY,A01030101,Monthly
202203,100,CPI_YoY,A01030101,Monthly
202204,100.4,CPI_YoY,A01030101,Monthly
202205,99.8,CPI_YoY,A01030101,Monthly
202206,100,CPI_YoY,A01030101,Monthly
202207,100.5,CPI_YoY,A01030101,Monthly
202208,99.9,CPI_YoY,A01030101,Monthly
202209,100.3,CPI_YoY,A01030101,Monthly
202210,100.1,CPI_YoY,A01030101,Monthly
202211,99.8,CPI_YoY,A01030101,Monthly
202212,100,CPI_YoY,A01030101,Monthly
202301,100.8,CPI_YoY,A01030101,Monthly
202302,99.5,CPI_YoY,A01030101,Monthly
202303,99.7,CPI_YoY,A01030101,Monthly
202304,99.9,CPI_YoY,A01030101,Monthly
202305,99.8,CPI_YoY,A01030101,Monthly
202306,100.2,CPI_YoY,A01030101,Monthly
202307,100.3,CPI_YoY,A01030101,Monthly
202308,100.2,CPI_YoY,A01030101,Monthly
202309,100.2,CPI_YoY,A01030101,Monthly
202310,99.9,CPI_YoY,A01030101,Monthly
202311,99.5,CPI_YoY,A01030101,Monthly
202312,100.1,CPI_YoY,A01030101,Monthly
202401,100.3,CPI_YoY,A01030101,Monthly
202402,101,CPI_YoY,A01030101,Monthly
202403,99,CPI_YoY,A01030101,Monthly
202404,100.1,CPI_YoY,A01030101,Monthly
202405,99.9,CPI_YoY,A01030101,Monthly
202406,99.8,CPI_YoY,A01030101,Monthly
202407,100.5,CPI_YoY,A01030101,Monthly
202408,100.4,CPI_YoY,A01030101,Monthly
202409,100,CPI_YoY,A01030101,Monthly
202410,99.7,CPI_YoY,A01030101,Monthly
202411,99.4,CPI_YoY,A01030101,Monthly
202412,100,CPI_YoY,A01030101,Monthly
202501,100.7,CPI_YoY,A01030101,Monthly
202502,99.8,CPI_YoY,A01030101,Monthly
202503,99.6,CPI_YoY,A01030101,Monthly
202504,100.1,CPI_YoY,A01030101,Monthly
202505,99.8,CPI_YoY,A01030101,Monthly
202506,99.9,CPI_YoY,A01030101,Monthly
202507,100.4,CPI_YoY,A01030101,Monthly
202508,100,CPI_YoY,A01030101,Monthly
202509,100.1,CPI_YoY,A01030101,Monthly
202510,100.2,CPI_YoY,A01030101,Monthly
202511,99.9,CPI_YoY,A01030101,Monthly
200001,100,PPI_YoY,A01080101,Monthly
200002,101,PPI_YoY,A01080101,Monthly
200003,101.9,PPI_YoY,A01080101,Monthly
200004,102.6,PPI_YoY,A01080101,Monthly
200005,102.5,PPI_YoY,A01080101,Monthly
200006,102.9,PPI_YoY,A01080101,Monthly
200007,104.5,PPI_YoY,A01080101,Monthly
200008,103.9,PPI_YoY,A01080101,Monthly
200009,103.7,PPI_YoY,A01080101,Monthly
200010,103.6,PPI_YoY,A01080101,Monthly
200011,103.5,PPI_YoY,A01080101,Monthly
200012,102.8,PPI_YoY,A01080101,Monthly
200101,101.43,PPI_YoY,A01080101,Monthly
200102,100.86,PPI_YoY,A01080101,Monthly
200103,100.2,PPI_YoY,A01080101,Monthly
200104,99.9,PPI_YoY,A01080101,Monthly
200105,99.8,PPI_YoY,A01080101,Monthly
200106,99.4,PPI_YoY,A01080101,Monthly
200107,98.7,PPI_YoY,A01080101,Monthly
200108,98,PPI_YoY,A01080101,Monthly
200109,97.1,PPI_YoY,A01080101,Monthly
200110,96.9,PPI_YoY,A01080101,Monthly
200111,96.3,PPI_YoY,A01080101,Monthly
200112,96,PPI_YoY,A01080101,Monthly
200201,96.01,PPI_YoY,A01080101,Monthly
200202,95.91,PPI_YoY,A01080101,Monthly
200203,95.98,PPI_YoY,A01080101,Monthly
200204,96.94,PPI_YoY,A01080101,Monthly
200205,97.37,PPI_YoY,A01080101,Monthly
200206,97.52,PPI_YoY,A01080101,Monthly
200207,97.66,PPI_YoY,A01080101,Monthly
200208,98.27,PPI_YoY,A01080101,Monthly
200209,98.62,PPI_YoY,A01080101,Monthly
200210,98.97,PPI_YoY,A01080101,Monthly
200211,99.59,PPI_YoY,A01080101,Monthly
200212,100.41,PPI_YoY,A01080101,Monthly
200301,102.38,PPI_YoY,A01080101,Monthly
200302,103.97,PPI_YoY,A01080101,Monthly
200303,104.58,PPI_YoY,A01080101,Monthly
200304,103.62,PPI_YoY,A01080101,Monthly
200305,101.96,PPI_YoY,A01080101,Monthly
200306,101.34,PPI_YoY,A01080101,Monthly
200307,101.39,PPI_YoY,A01080101,Monthly
200308,101.38,PPI_YoY,A01080101,Monthly
200309,101.37,PPI_YoY,A01080101,Monthly
200310,101.23,PPI_YoY,A01080101,Monthly
200311,101.92,PPI_YoY,A01080101,Monthly
200312,102.99,PPI_YoY,A01080101,Monthly
200401,103.47,PPI_YoY,A01080101,Monthly
200402,103.54,PPI_YoY,A01080101,Monthly
200403,103.99,PPI_YoY,A01080101,Monthly
200404,105.01,PPI_YoY,A01080101,Monthly
200405,105.7,PPI_YoY,A01080101,Monthly
200406,106.4,PPI_YoY,A01080101,Monthly
200407,106.38,PPI_YoY,A01080101,Monthly
200408,106.81,PPI_YoY,A01080101,Monthly
200409,107.95,PPI_YoY,A01080101,Monthly
200410,108.43,PPI_YoY,A01080101,Monthly
200411,108.13,PPI_YoY,A01080101,Monthly
200412,107.07,PPI_YoY,A01080101,Monthly
200501,105.81,PPI_YoY,A01080101,Monthly
200502,105.37,PPI_YoY,A01080101,Monthly
200503,105.64,PPI_YoY,A01080101,Monthly
200504,105.78,PPI_YoY,A01080101,Monthly
200505,105.97,PPI_YoY,A01080101,Monthly
200506,105.24,PPI_YoY,A01080101,Monthly
200507,105.19,PPI_YoY,A01080101,Monthly
200508,105.26,PPI_YoY,A01080101,Monthly
200509,104.5,PPI_YoY,A01080101,Monthly
200510,104.01,PPI_YoY,A01080101,Monthly
200511,103.21,PPI_YoY,A01080101,Monthly
200512,103.22,PPI_YoY,A01080101,Monthly
200601,103.05,PPI_YoY,A01080101,Monthly
200602,103.01,PPI_YoY,A01080101,Monthly
200603,102.49,PPI_YoY,A01080101,Monthly
200604,101.87,PPI_YoY,A01080101,Monthly
200605,102.43,PPI_YoY,A01080101,Monthly
200606,103.52,PPI_YoY,A01080101,Monthly
200607,103.58,PPI_YoY,A01080101,Monthly
200608,103.4,PPI_YoY,A01080101,Monthly
200609,103.45,PPI_YoY,A01080101,Monthly
200610,102.98,PPI_YoY,A01080101,Monthly
200611,102.78,PPI_YoY,A01080101,Monthly
200612,103.05,PPI_YoY,A01080101,Monthly
200701,103.3,PPI_YoY,A01080101,Monthly
200702,102.6,PPI_YoY,A01080101,Monthly
200703,102.65,PPI_YoY,A01080101,Monthly
200704,102.87,PPI_YoY,A01080101,Monthly
200705,102.76,PPI_YoY,A01080101,Monthly
200706,102.49,PPI_YoY,A01080101,Monthly
200707,102.39,PPI_YoY,A01080101,Monthly
200708,102.56,PPI_YoY,A01080101,Monthly
200709,102.71,PPI_YoY,A01080101,Monthly
200710,103.21,PPI_YoY,A01080101,Monthly
200711,104.55,PPI_YoY,A01080101,Monthly
200712,105.43,PPI_YoY,A01080101,Monthly
200801,106.07,PPI_YoY,A01080101,Monthly
200802,106.62,PPI_YoY,A01080101,Monthly
200803,107.95,PPI_YoY,A01080101,Monthly
200804,108.12,PPI_YoY,A01080101,Monthly
200805,108.22,PPI_YoY,A01080101,Monthly
200806,108.84,PPI_YoY,A01080101,Monthly
200807,110.03,PPI_YoY,A01080101,Monthly
200808,110.06,PPI_YoY,A01080101,Monthly
200809,109.13,PPI_YoY,A01080101,Monthly
200810,106.59,PPI_YoY,A01080101,Monthly
200811,101.99,PPI_YoY,A01080101,Monthly
200812,98.86,PPI_YoY,A01080101,Monthly
200901,96.65,PPI_YoY,A01080101,Monthly
200902,95.53,PPI_YoY,A01080101,Monthly
200903,94.01,PPI_YoY,A01080101,Monthly
200904,93.4,PPI_YoY,A01080101,Monthly
200905,92.8,PPI_YoY,A01080101,Monthly
200906,92.18,PPI_YoY,A01080101,Monthly
200907,91.78,PPI_YoY,A01080101,Monthly
200908,92.14,PPI_YoY,A01080101,Monthly
200909,93.01,PPI_YoY,A01080101,Monthly
200910,94.15,PPI_YoY,A01080101,Monthly
200911,97.92,PPI_YoY,A01080101,Monthly
200912,101.7,PPI_YoY,A01080101,Monthly
201001,104.32,PPI_YoY,A01080101,Monthly
201002,105.39,PPI_YoY,A01080101,Monthly
201003,105.91,PPI_YoY,A01080101,Monthly
201004,106.81,PPI_YoY,A01080101,Monthly
201005,107.13,PPI_YoY,A01080101,Monthly
201006,106.41,PPI_YoY,A01080101,Monthly
201007,104.84,PPI_YoY,A01080101,Monthly
201008,104.32,PPI_YoY,A01080101,Monthly
201009,104.33,PPI_YoY,A01080101,Monthly
201010,105.04,PPI_YoY,A01080101,Monthly
201011,106.06,PPI_YoY,A01080101,Monthly
201012,105.93,PPI_YoY,A01080101,Monthly
201101,106.6435,PPI_YoY,A01080101,Monthly
201102,107.2322,PPI_YoY,A01080101,Monthly
201103,107.3081,PPI_YoY,A01080101,Monthly
201104,106.821,PPI_YoY,A01080101,Monthly
201105,106.7851,PPI_YoY,A01080101,Monthly
201106,107.1209,PPI_YoY,A01080101,Monthly
201107,107.5417,PPI_YoY,A01080101,Monthly
201108,107.2526,PPI_YoY,A01080101,Monthly
201109,106.5227,PPI_YoY,A01080101,Monthly
201110,105.0038,PPI_YoY,A01080101,Monthly
201111,102.7179,PPI_YoY,A01080101,Monthly
201112,101.6854,PPI_YoY,A01080101,Monthly
201201,100.7347,PPI_YoY,A01080101,Monthly
201202,100.0284,PPI_YoY,A01080101,Monthly
201203,99.6829,PPI_YoY,A01080101,Monthly
201204,99.3016,PPI_YoY,A01080101,Monthly
201205,98.6019,PPI_YoY,A01080101,Monthly
201206,97.9157,PPI_YoY,A01080101,Monthly
201207,97.1349,PPI_YoY,A01080101,Monthly
201208,96.5216,PPI_YoY,A01080101,Monthly
201209,96.4455,PPI_YoY,A01080101,Monthly
201210,97.2442,PPI_YoY,A01080101,Monthly
201211,97.8005,PPI_YoY,A01080101,Monthly
201212,98.0603,PPI_YoY,A01080101,Monthly
201301,98.3628,PPI_YoY,A01080101,Monthly
201302,98.3746,PPI_YoY,A01080101,Monthly
201303,98.081,PPI_YoY,A01080101,Monthly
201304,97.3825,PPI_YoY,A01080101,Monthly
201305,97.1342,PPI_YoY,A01080101,Monthly
201306,97.3035,PPI_YoY,A01080101,Monthly
201307,97.7288,PPI_YoY,A01080101,Monthly
201308,98.375,PPI_YoY,A01080101,Monthly
201309,98.6561,PPI_YoY,A01080101,Monthly
201310,98.4929,PPI_YoY,A01080101,Monthly
201311,98.5758,PPI_YoY,A01080101,Monthly
201312,98.6443,PPI_YoY,A01080101,Monthly
201401,98.4,PPI_YoY,A01080101,Monthly
201402,97.9818,PPI_YoY,A01080101,Monthly
201403,97.6981,PPI_YoY,A01080101,Monthly
201404,97.9958,PPI_YoY,A01080101,Monthly
201405,98.5536,PPI_YoY,A01080101,Monthly
201406,98.8908,PPI_YoY,A01080101,Monthly
201407,99.1312,PPI_YoY,A01080101,Monthly
201408,98.7962,PPI_YoY,A01080101,Monthly
201409,98.2004,PPI_YoY,A01080101,Monthly
201410,97.7572,PPI_YoY,A01080101,Monthly
201411,97.3072,PPI_YoY,A01080101,Monthly
201412,96.6848,PPI_YoY,A01080101,Monthly
201501,95.6798,PPI_YoY,A01080101,Monthly
201502,95.2024,PPI_YoY,A01080101,Monthly
201503,95.4397,PPI_YoY,A01080101,Monthly
201504,95.4275,PPI_YoY,A01080101,Monthly
201505,95.393,PPI_YoY,A01080101,Monthly
201506,95.1865,PPI_YoY,A01080101,Monthly
201507,94.6308,PPI_YoY,A01080101,Monthly
201508,94.0773,PPI_YoY,A01080101,Monthly
201509,94.055,PPI_YoY,A01080101,Monthly
201510,94.1,PPI_YoY,A01080101,Monthly
201511,94.0807,PPI_YoY,A01080101,Monthly
201512,94.1186,PPI_YoY,A01080101,Monthly
201601,94.7203,PPI_YoY,A01080101,Monthly
201602,95.0974,PPI_YoY,A01080101,Monthly
201603,95.6793,PPI_YoY,A01080101,Monthly
201604,96.6187,PPI_YoY,A01080101,Monthly
201605,97.2,PPI_YoY,A01080101,Monthly
201606,97.4,PPI_YoY,A01080101,Monthly
201607,98.3,PPI_YoY,A01080101,Monthly
201608,99.2,PPI_YoY,A01080101,Monthly
201609,100.1,PPI_YoY,A01080101,Monthly
201610,101.2,PPI_YoY,A01080101,Monthly
201611,103.3,PPI_YoY,A01080101,Monthly
201612,105.5,PPI_YoY,A01080101,Monthly
201701,106.9,PPI_YoY,A01080101,Monthly
201702,107.8,PPI_YoY,A01080101,Monthly
201703,107.6,PPI_YoY,A01080101,Monthly
201704,106.4,PPI_YoY,A01080101,Monthly
201705,105.5,PPI_YoY,A01080101,Monthly
201706,105.5,PPI_YoY,A01080101,Monthly
201707,105.5,PPI_YoY,A01080101,Monthly
201708,106.3,PPI_YoY,A01080101,Monthly
201709,106.9,PPI_YoY,A01080101,Monthly
201710,106.9,PPI_YoY,A01080101,Monthly
201711,105.8,PPI_YoY,A01080101,Monthly
201712,104.9,PPI_YoY,A01080101,Monthly
201801,104.3346,PPI_YoY,A01080101,Monthly
201802,103.7,PPI_YoY,A01080101,Monthly
201803,103.1,PPI_YoY,A01080101,Monthly
201804,103.4,PPI_YoY,A01080101,Monthly
201805,104.1,PPI_YoY,A01080101,Monthly
201806,104.7,PPI_YoY,A01080101,Monthly
201807,104.6,PPI_YoY,A01080101,Monthly
201808,104.1,PPI_YoY,A01080101,Monthly
201809,103.6,PPI_YoY,A01080101,Monthly
201810,103.3,PPI_YoY,A01080101,Monthly
201811,102.7,PPI_YoY,A01080101,Monthly
201812,100.9,PPI_YoY,A01080101,Monthly
201901,100.1,PPI_YoY,A01080101,Monthly
201902,100.1,PPI_YoY,A01080101,Monthly
201903,100.4,PPI_YoY,A01080101,Monthly
201904,100.9,PPI_YoY,A01080101,Monthly
201905,100.6,PPI_YoY,A01080101,Monthly
201906,100,PPI_YoY,A01080101,Monthly
201907,99.7,PPI_YoY,A01080101,Monthly
201908,99.2,PPI_YoY,A01080101,Monthly
201909,98.8,PPI_YoY,A01080101,Monthly
201910,98.4,PPI_YoY,A01080101,Monthly
201911,98.6,PPI_YoY,A01080101,Monthly
201912,99.5,PPI_YoY,A01080101,Monthly
202001,100.1,PPI_YoY,A01080101,Monthly
202002,99.6,PPI_YoY,A01080101,Monthly
202003,98.5,PPI_YoY,A01080101,Monthly
202004,96.9,PPI_YoY,A01080101,Monthly
202005,96.3,PPI_YoY,A01080101,Monthly
202006,97,PPI_YoY,A01080101,Monthly
202007,97.6,PPI_YoY,A01080101,Monthly
202008,98,PPI_YoY,A01080101,Monthly
202009,97.9,PPI_YoY,A01080101,Monthly
202010,97.9,PPI_YoY,A01080101,Monthly
202011,98.5,PPI_YoY,A01080101,Monthly
202012,99.6,PPI_YoY,A01080101,Monthly
202101,100.3,PPI_YoY,A01080101,Monthly
202102,101.7,PPI_YoY,A01080101,Monthly
202103,104.4,PPI_YoY,A01080101,Monthly
202104,106.8,PPI_YoY,A01080101,Monthly
202105,109,PPI_YoY,A01080101,Monthly
202106,108.8,PPI_YoY,A01080101,Monthly
202107,109,PPI_YoY,A01080101,Monthly
202108,109.5,PPI_YoY,A01080101,Monthly
202109,110.7,PPI_YoY,A01080101,Monthly
202110,113.5,PPI_YoY,A01080101,Monthly
202111,112.9,PPI_YoY,A01080101,Monthly
202112,110.3,PPI_YoY,A01080101,Monthly
202201,109.1,PPI_YoY,A01080101,Monthly
202202,108.8,PPI_YoY,A01080101,Monthly
202203,108.3,PPI_YoY,A01080101,Monthly
202204,108,PPI_YoY,A01080101,Monthly
202205,106.4,PPI_YoY,A01080101,Monthly
202206,106.1,PPI_YoY,A01080101,Monthly
202207,104.2,PPI_YoY,A01080101,Monthly
202208,102.3,PPI_YoY,A01080101,Monthly
202209,100.9,PPI_YoY,A01080101,Monthly
202210,98.7,PPI_YoY,A01080101,Monthly
202211,98.7,PPI_YoY,A01080101,Monthly
202212,99.3,PPI_YoY,A01080101,Monthly
202301,99.2,PPI_YoY,A01080101,Monthly
202302,98.6,PPI_YoY,A01080101,Monthly
202303,97.5,PPI_YoY,A01080101,Monthly
202304,96.4,PPI_YoY,A01080101,Monthly
202305,95.4,PPI_YoY,A01080101,Monthly
202306,94.6,PPI_YoY,A01080101,Monthly
202307,95.6,PPI_YoY,A01080101,Monthly
202308,97,PPI_YoY,A01080101,Monthly
202309,97.5,PPI_YoY,A01080101,Monthly
202310,97.4,PPI_YoY,A01080101,Monthly
202311,97,PPI_YoY,A01080101,Monthly
202312,97.3,PPI_YoY,A01080101,Monthly
202401,97.5,PPI_YoY,A01080101,Monthly
202402,97.3,PPI_YoY,A01080101,Monthly
202403,97.2,PPI_YoY,A01080101,Monthly
202404,97.5,PPI_YoY,A01080101,Monthly
202405,98.6,PPI_YoY,A01080101,Monthly
202406,99.2,PPI_YoY,A01080101,Monthly
202407,99.2,PPI_YoY,A01080101,Monthly
202408,98.2,PPI_YoY,A01080101,Monthly
202409,97.2,PPI_YoY,A01080101,Monthly
202410,97.1301,PPI_YoY,A01080101,Monthly
202411,97.5,PPI_YoY,A01080101,Monthly
202412,97.7,PPI_YoY,A01080101,Monthly
202501,97.7,PPI_YoY,A01080101,Monthly
202502,97.8,PPI_YoY,A01080101,Monthly
202503,97.5,PPI_YoY,A01080101,Monthly
202504,97.3,PPI_YoY,A01080101,Monthly
202505,96.7,PPI_YoY,A01080101,Monthly
202506,96.4,PPI_YoY,A01080101,Monthly
202507,96.4,PPI_YoY,A01080101,Monthly
202508,97.1,PPI_YoY,A01080101,Monthly
202509,97.7,PPI_YoY,A01080101,Monthly
202510,97.9,PPI_YoY,A01080101,Monthly
202511,97.8,PPI_YoY,A01080101,Monthly
200001,0,Ind_Value_Added_YoY,A020101,Monthly
200002,12,Ind_Value_Added_YoY,A020101,Monthly
200003,11.9,Ind_Value_Added_YoY,A020101,Monthly
200004,11.4,Ind_Value_Added_YoY,A020101,Monthly
200005,11.5,Ind_Value_Added_YoY,A020101,Monthly
200006,12.2,Ind_Value_Added_YoY,A020101,Monthly
200007,12.8,Ind_Value_Added_YoY,A020101,Monthly
200008,12.8,Ind_Value_Added_YoY,A020101,Monthly
200009,12,Ind_Value_Added_YoY,A020101,Monthly
200010,11.4,Ind_Value_Added_YoY,A020101,Monthly
200011,10.6,Ind_Value_Added_YoY,A020101,Monthly
200012,10.4,Ind_Value_Added_YoY,A020101,Monthly
200101,0,Ind_Value_Added_YoY,A020101,Monthly
200102,19,Ind_Value_Added_YoY,A020101,Monthly
200103,12.1,Ind_Value_Added_YoY,A020101,Monthly
200104,11.5,Ind_Value_Added_YoY,A020101,Monthly
200105,10.2,Ind_Value_Added_YoY,A020101,Monthly
200106,10.1,Ind_Value_Added_YoY,A020101,Monthly
200107,8.1,Ind_Value_Added_YoY,A020101,Monthly
200108,8.1,Ind_Value_Added_YoY,A020101,Monthly
200109,9.5,Ind_Value_Added_YoY,A020101,Monthly
200110,8.8,Ind_Value_Added_YoY,A020101,Monthly
200111,7.9,Ind_Value_Added_YoY,A020101,Monthly
200112,8.7,Ind_Value_Added_YoY,A020101,Monthly
200201,0,Ind_Value_Added_YoY,A020101,Monthly
200202,2.7,Ind_Value_Added_YoY,A020101,Monthly
200203,10.9,Ind_Value_Added_YoY,A020101,Monthly
200204,12.1,Ind_Value_Added_YoY,A020101,Monthly
200205,12.9,Ind_Value_Added_YoY,A020101,Monthly
200206,12.4,Ind_Value_Added_YoY,A020101,Monthly
200207,12.8,Ind_Value_Added_YoY,A020101,Monthly
200208,12.7,Ind_Value_Added_YoY,A020101,Monthly
200209,13.8,Ind_Value_Added_YoY,A020101,Monthly
200210,14.2,Ind_Value_Added_YoY,A020101,Monthly
200211,14.5,Ind_Value_Added_YoY,A020101,Monthly
200212,14.9,Ind_Value_Added_YoY,A020101,Monthly
200301,0,Ind_Value_Added_YoY,A020101,Monthly
200302,19.8,Ind_Value_Added_YoY,A020101,Monthly
200303,16.9,Ind_Value_Added_YoY,A020101,Monthly
200304,14.9,Ind_Value_Added_YoY,A020101,Monthly
200305,13.7,Ind_Value_Added_YoY,A020101,Monthly
200306,16.9,Ind_Value_Added_YoY,A020101,Monthly
200307,16.5,Ind_Value_Added_YoY,A020101,Monthly
200308,17.1,Ind_Value_Added_YoY,A020101,Monthly
200309,16.3,Ind_Value_Added_YoY,A020101,Monthly
200310,17.2,Ind_Value_Added_YoY,A020101,Monthly
200311,17.9,Ind_Value_Added_YoY,A020101,Monthly
200312,18.1,Ind_Value_Added_YoY,A020101,Monthly
200401,0,Ind_Value_Added_YoY,A020101,Monthly
200402,23.2,Ind_Value_Added_YoY,A020101,Monthly
200403,19.4,Ind_Value_Added_YoY,A020101,Monthly
200404,19.1,Ind_Value_Added_YoY,A020101,Monthly
200405,17.5,Ind_Value_Added_YoY,A020101,Monthly
200406,16.2,Ind_Value_Added_YoY,A020101,Monthly
200407,15.5,Ind_Value_Added_YoY,A020101,Monthly
200408,15.9,Ind_Value_Added_YoY,A020101,Monthly
200409,16.1,Ind_Value_Added_YoY,A020101,Monthly
200410,15.7,Ind_Value_Added_YoY,A020101,Monthly
200411,14.8,Ind_Value_Added_YoY,A020101,Monthly
200412,14.4,Ind_Value_Added_YoY,A020101,Monthly
200501,0,Ind_Value_Added_YoY,A020101,Monthly
200502,7.6,Ind_Value_Added_YoY,A020101,Monthly
200503,15.1,Ind_Value_Added_YoY,A020101,Monthly
200504,16,Ind_Value_Added_YoY,A020101,Monthly
200505,16.6,Ind_Value_Added_YoY,A020101,Monthly
200506,16.8,Ind_Value_Added_YoY,A020101,Monthly
200507,16.1,Ind_Value_Added_YoY,A020101,Monthly
200508,16,Ind_Value_Added_YoY,A020101,Monthly
200509,16.5,Ind_Value_Added_YoY,A020101,Monthly
200510,16.1,Ind_Value_Added_YoY,A020101,Monthly
200511,16.6,Ind_Value_Added_YoY,A020101,Monthly
200512,16.5,Ind_Value_Added_YoY,A020101,Monthly
200601,0,Ind_Value_Added_YoY,A020101,Monthly
200602,20.1,Ind_Value_Added_YoY,A020101,Monthly
200603,17.8,Ind_Value_Added_YoY,A020101,Monthly
200604,16.6,Ind_Value_Added_YoY,A020101,Monthly
200605,17.9,Ind_Value_Added_YoY,A020101,Monthly
200606,19.5,Ind_Value_Added_YoY,A020101,Monthly
200607,16.7,Ind_Value_Added_YoY,A020101,Monthly
200608,15.7,Ind_Value_Added_YoY,A020101,Monthly
200609,16.1,Ind_Value_Added_YoY,A020101,Monthly
200610,14.7,Ind_Value_Added_YoY,A020101,Monthly
200611,14.9,Ind_Value_Added_YoY,A020101,Monthly
200612,14.7,Ind_Value_Added_YoY,A020101,Monthly
200701,0,Ind_Value_Added_YoY,A020101,Monthly
200702,12.6,Ind_Value_Added_YoY,A020101,Monthly
200703,17.6,Ind_Value_Added_YoY,A020101,Monthly
200704,17.4,Ind_Value_Added_YoY,A020101,Monthly
200705,18.1,Ind_Value_Added_YoY,A020101,Monthly
200706,19.4,Ind_Value_Added_YoY,A020101,Monthly
200707,18,Ind_Value_Added_YoY,A020101,Monthly
200708,17.5,Ind_Value_Added_YoY,A020101,Monthly
200709,18.9,Ind_Value_Added_YoY,A020101,Monthly
200710,17.9,Ind_Value_Added_YoY,A020101,Monthly
200711,17.3,Ind_Value_Added_YoY,A020101,Monthly
200712,17.4,Ind_Value_Added_YoY,A020101,Monthly
200801,0,Ind_Value_Added_YoY,A020101,Monthly
200802,15.4,Ind_Value_Added_YoY,A020101,Monthly
200803,17.8,Ind_Value_Added_YoY,A020101,Monthly
200804,15.7,Ind_Value_Added_YoY,A020101,Monthly
200805,16,Ind_Value_Added_YoY,A020101,Monthly
200806,16,Ind_Value_Added_YoY,A020101,Monthly
200807,14.7,Ind_Value_Added_YoY,A020101,Monthly
200808,12.8,Ind_Value_Added_YoY,A020101,Monthly
200809,11.4,Ind_Value_Added_YoY,A020101,Monthly
200810,8.2,Ind_Value_Added_YoY,A020101,Monthly
200811,5.4,Ind_Value_Added_YoY,A020101,Monthly
200812,5.7,Ind_Value_Added_YoY,A020101,Monthly
200901,0,Ind_Value_Added_YoY,A020101,Monthly
200902,11,Ind_Value_Added_YoY,A020101,Monthly
200903,8.3,Ind_Value_Added_YoY,A020101,Monthly
200904,7.3,Ind_Value_Added_YoY,A020101,Monthly
200905,8.9,Ind_Value_Added_YoY,A020101,Monthly
200906,10.7,Ind_Value_Added_YoY,A020101,Monthly
200907,10.8,Ind_Value_Added_YoY,A020101,Monthly
200908,12.3,Ind_Value_Added_YoY,A020101,Monthly
200909,13.9,Ind_Value_Added_YoY,A020101,Monthly
200910,16.1,Ind_Value_Added_YoY,A020101,Monthly
200911,19.2,Ind_Value_Added_YoY,A020101,Monthly
200912,18.5,Ind_Value_Added_YoY,A020101,Monthly
201001,0,Ind_Value_Added_YoY,A020101,Monthly
201002,12.8,Ind_Value_Added_YoY,A020101,Monthly
201003,18.1,Ind_Value_Added_YoY,A020101,Monthly
201004,17.8,Ind_Value_Added_YoY,A020101,Monthly
201005,16.5,Ind_Value_Added_YoY,A020101,Monthly
201006,13.7,Ind_Value_Added_YoY,A020101,Monthly
201007,13.4,Ind_Value_Added_YoY,A020101,Monthly
201008,13.9,Ind_Value_Added_YoY,A020101,Monthly
201009,13.3,Ind_Value_Added_YoY,A020101,Monthly
201010,13.1,Ind_Value_Added_YoY,A020101,Monthly
201011,13.3,Ind_Value_Added_YoY,A020101,Monthly
201012,13.5,Ind_Value_Added_YoY,A020101,Monthly
201101,0,Ind_Value_Added_YoY,A020101,Monthly
201102,14.9,Ind_Value_Added_YoY,A020101,Monthly
201103,14.8,Ind_Value_Added_YoY,A020101,Monthly
201104,13.4,Ind_Value_Added_YoY,A020101,Monthly
201105,13.3,Ind_Value_Added_YoY,A020101,Monthly
201106,15.1,Ind_Value_Added_YoY,A020101,Monthly
201107,14,Ind_Value_Added_YoY,A020101,Monthly
201108,13.5,Ind_Value_Added_YoY,A020101,Monthly
201109,13.8,Ind_Value_Added_YoY,A020101,Monthly
201110,13.2,Ind_Value_Added_YoY,A020101,Monthly
201111,12.4,Ind_Value_Added_YoY,A020101,Monthly
201112,12.8,Ind_Value_Added_YoY,A020101,Monthly
201201,0,Ind_Value_Added_YoY,A020101,Monthly
201202,21.3,Ind_Value_Added_YoY,A020101,Monthly
201203,11.9,Ind_Value_Added_YoY,A020101,Monthly
201204,9.3,Ind_Value_Added_YoY,A020101,Monthly
201205,9.6,Ind_Value_Added_YoY,A020101,Monthly
201206,9.5,Ind_Value_Added_YoY,A020101,Monthly
201207,9.2,Ind_Value_Added_YoY,A020101,Monthly
201208,8.9,Ind_Value_Added_YoY,A020101,Monthly
201209,9.2,Ind_Value_Added_YoY,A020101,Monthly
201210,9.6,Ind_Value_Added_YoY,A020101,Monthly
201211,10.1,Ind_Value_Added_YoY,A020101,Monthly
201212,10.3,Ind_Value_Added_YoY,A020101,Monthly
201301,0,Ind_Value_Added_YoY,A020101,Monthly
201302,0,Ind_Value_Added_YoY,A020101,Monthly
201303,8.9,Ind_Value_Added_YoY,A020101,Monthly
201304,9.3,Ind_Value_Added_YoY,A020101,Monthly
201305,9.2,Ind_Value_Added_YoY,A020101,Monthly
201306,8.9,Ind_Value_Added_YoY,A020101,Monthly
201307,9.7,Ind_Value_Added_YoY,A020101,Monthly
201308,10.4,Ind_Value_Added_YoY,A020101,Monthly
201309,10.2,Ind_Value_Added_YoY,A020101,Monthly
201310,10.3,Ind_Value_Added_YoY,A020101,Monthly
201311,10,Ind_Value_Added_YoY,A020101,Monthly
201312,9.7,Ind_Value_Added_YoY,A020101,Monthly
201401,0,Ind_Value_Added_YoY,A020101,Monthly
201402,0,Ind_Value_Added_YoY,A020101,Monthly
201403,8.8,Ind_Value_Added_YoY,A020101,Monthly
201404,8.7,Ind_Value_Added_YoY,A020101,Monthly
201405,8.8,Ind_Value_Added_YoY,A020101,Monthly
201406,9.2,Ind_Value_Added_YoY,A020101,Monthly
201407,9,Ind_Value_Added_YoY,A020101,Monthly
201408,6.9,Ind_Value_Added_YoY,A020101,Monthly
201409,8,Ind_Value_Added_YoY,A020101,Monthly
201410,7.7,Ind_Value_Added_YoY,A020101,Monthly
201411,7.2,Ind_Value_Added_YoY,A020101,Monthly
201412,7.9,Ind_Value_Added_YoY,A020101,Monthly
201501,0,Ind_Value_Added_YoY,A020101,Monthly
201502,0,Ind_Value_Added_YoY,A020101,Monthly
201503,5.6,Ind_Value_Added_YoY,A020101,Monthly
201504,5.9,Ind_Value_Added_YoY,A020101,Monthly
201505,6.1,Ind_Value_Added_YoY,A020101,Monthly
201506,6.8,Ind_Value_Added_YoY,A020101,Monthly
201507,6,Ind_Value_Added_YoY,A020101,Monthly
201508,6.1,Ind_Value_Added_YoY,A020101,Monthly
201509,5.7,Ind_Value_Added_YoY,A020101,Monthly
201510,5.6,Ind_Value_Added_YoY,A020101,Monthly
201511,6.2,Ind_Value_Added_YoY,A020101,Monthly
201512,5.9,Ind_Value_Added_YoY,A020101,Monthly
201601,0,Ind_Value_Added_YoY,A020101,Monthly
201602,0,Ind_Value_Added_YoY,A020101,Monthly
201603,6.8,Ind_Value_Added_YoY,A020101,Monthly
201604,6,Ind_Value_Added_YoY,A020101,Monthly
201605,6,Ind_Value_Added_YoY,A020101,Monthly
201606,6.2,Ind_Value_Added_YoY,A020101,Monthly
201607,6,Ind_Value_Added_YoY,A020101,Monthly
201608,6.3,Ind_Value_Added_YoY,A020101,Monthly
201609,6.1,Ind_Value_Added_YoY,A020101,Monthly
201610,6.1,Ind_Value_Added_YoY,A020101,Monthly
201611,6.2,Ind_Value_Added_YoY,A020101,Monthly
201612,6,Ind_Value_Added_YoY,A020101,Monthly
201701,0,Ind_Value_Added_YoY,A020101,Monthly
201702,0,Ind_Value_Added_YoY,A020101,Monthly
201703,7.6,Ind_Value_Added_YoY,A020101,Monthly
201704,6.5,Ind_Value_Added_YoY,A020101,Monthly
201705,6.5,Ind_Value_Added_YoY,A020101,Monthly
201706,7.6,Ind_Value_Added_YoY,A020101,Monthly
201707,6.4,Ind_Value_Added_YoY,A020101,Monthly
201708,6,Ind_Value_Added_YoY,A020101,Monthly
201709,6.6,Ind_Value_Added_YoY,A020101,Monthly
201710,6.2,Ind_Value_Added_YoY,A020101,Monthly
201711,6.1,Ind_Value_Added_YoY,A020101,Monthly
201712,6.2,Ind_Value_Added_YoY,A020101,Monthly
201801,0,Ind_Value_Added_YoY,A020101,Monthly
201802,0,Ind_Value_Added_YoY,A020101,Monthly
201803,6,Ind_Value_Added_YoY,A020101,Monthly
201804,7,Ind_Value_Added_YoY,A020101,Monthly
201805,6.8,Ind_Value_Added_YoY,A020101,Monthly
201806,6,Ind_Value_Added_YoY,A020101,Monthly
201807,6,Ind_Value_Added_YoY,A020101,Monthly
201808,6.1,Ind_Value_Added_YoY,A020101,Monthly
201809,5.8,Ind_Value_Added_YoY,A020101,Monthly
201810,5.9,Ind_Value_Added_YoY,A020101,Monthly
201811,5.4,Ind_Value_Added_YoY,A020101,Monthly
201812,5.7,Ind_Value_Added_YoY,A020101,Monthly
201901,0,Ind_Value_Added_YoY,A020101,Monthly
201902,0,Ind_Value_Added_YoY,A020101,Monthly
201903,8.5,Ind_Value_Added_YoY,A020101,Monthly
201904,5.4,Ind_Value_Added_YoY,A020101,Monthly
201905,5,Ind_Value_Added_YoY,A020101,Monthly
201906,6.3,Ind_Value_Added_YoY,A020101,Monthly
201907,4.8,Ind_Value_Added_YoY,A020101,Monthly
201908,4.4,Ind_Value_Added_YoY,A020101,Monthly
201909,5.8,Ind_Value_Added_YoY,A020101,Monthly
201910,4.7,Ind_Value_Added_YoY,A020101,Monthly
201911,6.2,Ind_Value_Added_YoY,A020101,Monthly
201912,6.9,Ind_Value_Added_YoY,A020101,Monthly
202001,0,Ind_Value_Added_YoY,A020101,Monthly
202002,0,Ind_Value_Added_YoY,A020101,Monthly
202003,-1.1,Ind_Value_Added_YoY,A020101,Monthly
202004,3.9,Ind_Value_Added_YoY,A020101,Monthly
202005,4.4,Ind_Value_Added_YoY,A020101,Monthly
202006,4.8,Ind_Value_Added_YoY,A020101,Monthly
202007,4.8,Ind_Value_Added_YoY,A020101,Monthly
202008,5.6,Ind_Value_Added_YoY,A020101,Monthly
202009,6.9,Ind_Value_Added_YoY,A020101,Monthly
202010,6.9,Ind_Value_Added_YoY,A020101,Monthly
202011,7,Ind_Value_Added_YoY,A020101,Monthly
202012,7.3,Ind_Value_Added_YoY,A020101,Monthly
202101,0,Ind_Value_Added_YoY,A020101,Monthly
202102,0,Ind_Value_Added_YoY,A020101,Monthly
202103,14.1,Ind_Value_Added_YoY,A020101,Monthly
202104,9.8,Ind_Value_Added_YoY,A020101,Monthly
202105,8.8,Ind_Value_Added_YoY,A020101,Monthly
202106,8.3,Ind_Value_Added_YoY,A020101,Monthly
202107,6.4,Ind_Value_Added_YoY,A020101,Monthly
202108,5.3,Ind_Value_Added_YoY,A020101,Monthly
202109,3.1,Ind_Value_Added_YoY,A020101,Monthly
202110,3.5,Ind_Value_Added_YoY,A020101,Monthly
202111,3.8,Ind_Value_Added_YoY,A020101,Monthly
202112,4.3,Ind_Value_Added_YoY,A020101,Monthly
202201,0,Ind_Value_Added_YoY,A020101,Monthly
202202,0,Ind_Value_Added_YoY,A020101,Monthly
202203,5,Ind_Value_Added_YoY,A020101,Monthly
202204,-2.9,Ind_Value_Added_YoY,A020101,Monthly
202205,0.7,Ind_Value_Added_YoY,A020101,Monthly
202206,3.9,Ind_Value_Added_YoY,A020101,Monthly
202207,3.8,Ind_Value_Added_YoY,A020101,Monthly
202208,4.2,Ind_Value_Added_YoY,A020101,Monthly
202209,6.3,Ind_Value_Added_YoY,A020101,Monthly
202210,5,Ind_Value_Added_YoY,A020101,Monthly
202211,2.2,Ind_Value_Added_YoY,A020101,Monthly
202212,1.3,Ind_Value_Added_YoY,A020101,Monthly
202301,0,Ind_Value_Added_YoY,A020101,Monthly
202302,0,Ind_Value_Added_YoY,A020101,Monthly
202303,3.9,Ind_Value_Added_YoY,A020101,Monthly
202304,5.6,Ind_Value_Added_YoY,A020101,Monthly
202305,3.5,Ind_Value_Added_YoY,A020101,Monthly
202306,4.4,Ind_Value_Added_YoY,A020101,Monthly
202307,3.7,Ind_Value_Added_YoY,A020101,Monthly
202308,4.5,Ind_Value_Added_YoY,A020101,Monthly
202309,4.5,Ind_Value_Added_YoY,A020101,Monthly
202310,4.6,Ind_Value_Added_YoY,A020101,Monthly
202311,6.6,Ind_Value_Added_YoY,A020101,Monthly
202312,6.8,Ind_Value_Added_YoY,A020101,Monthly
202401,0,Ind_Value_Added_YoY,A020101,Monthly
202402,0,Ind_Value_Added_YoY,A020101,Monthly
202403,4.5,Ind_Value_Added_YoY,A020101,Monthly
202404,6.7,Ind_Value_Added_YoY,A020101,Monthly
202405,5.6,Ind_Value_Added_YoY,A020101,Monthly
202406,5.3,Ind_Value_Added_YoY,A020101,Monthly
202407,5.1,Ind_Value_Added_YoY,A020101,Monthly
202408,4.5,Ind_Value_Added_YoY,A020101,Monthly
202409,5.4,Ind_Value_Added_YoY,A020101,Monthly
202410,5.3,Ind_Value_Added_YoY,A020101,Monthly
202411,5.4,Ind_Value_Added_YoY,A020101,Monthly
202412,6.2,Ind_Value_Added_YoY,A020101,Monthly
202501,0,Ind_Value_Added_YoY,A020101,Monthly
202502,0,Ind_Value_Added_YoY,A020101,Monthly
202503,7.7,Ind_Value_Added_YoY,A020101,Monthly
202504,6.1,Ind_Value_Added_YoY,A020101,Monthly
202505,5.8,Ind_Value_Added_YoY,A020101,Monthly
202506,6.8,Ind_Value_Added_YoY,A020101,Monthly
202507,5.7,Ind_Value_Added_YoY,A020101,Monthly
202508,5.2,Ind_Value_Added_YoY,A020101,Monthly
202509,6.5,Ind_Value_Added_YoY,A020101,Monthly
202510,4.9,Ind_Value_Added_YoY,A020101,Monthly
202511,0,Ind_Value_Added_YoY,A020101,Monthly
2000A,21569.1,GDP_YoY,A010101,Quarterly
2000B,24277.1,GDP_YoY,A010101,Quarterly
2000C,25973.8,GDP_YoY,A010101,Quarterly
2000D,29488.6,GDP_YoY,A010101,Quarterly
2001A,24390.6,GDP_YoY,A010101,Quarterly
2001B,27017.8,GDP_YoY,A010101,Quarterly
2001C,28662,GDP_YoY,A010101,Quarterly
2001D,32086.9,GDP_YoY,A010101,Quarterly
2002A,26666,GDP_YoY,A010101,Quarterly
2002B,29550.7,GDP_YoY,A010101,Quarterly
2002C,31664.4,GDP_YoY,A010101,Quarterly
2002D,35430.7,GDP_YoY,A010101,Quarterly
2003A,30282,GDP_YoY,A010101,Quarterly
2003B,32978.2,GDP_YoY,A010101,Quarterly
2003C,35778.3,GDP_YoY,A010101,Quarterly
2003D,40338.8,GDP_YoY,A010101,Quarterly
2004A,35107.8,GDP_YoY,A010101,Quarterly
2004B,39251.8,GDP_YoY,A010101,Quarterly
2004C,42448,GDP_YoY,A010101,Quarterly
2004D,47420.3,GDP_YoY,A010101,Quarterly
2005A,41079.2,GDP_YoY,A010101,Quarterly
2005B,45399.8,GDP_YoY,A010101,Quarterly
2005C,48681.7,GDP_YoY,A010101,Quarterly
2005D,54746.8,GDP_YoY,A010101,Quarterly
2006A,47831.7,GDP_YoY,A010101,Quarterly
2006B,53415.3,GDP_YoY,A010101,Quarterly
2006C,56820.5,GDP_YoY,A010101,Quarterly
2006D,64510.8,GDP_YoY,A010101,Quarterly
2007A,58080.6,GDP_YoY,A010101,Quarterly
2007B,65751,GDP_YoY,A010101,Quarterly
2007C,70494.1,GDP_YoY,A010101,Quarterly
2007D,79854,GDP_YoY,A010101,Quarterly
2008A,70609.6,GDP_YoY,A010101,Quarterly
2008B,79965,GDP_YoY,A010101,Quarterly
2008C,83668.3,GDP_YoY,A010101,Quarterly
2008D,90075,GDP_YoY,A010101,Quarterly
2009A,75341.3,GDP_YoY,A010101,Quarterly
2009B,85355.6,GDP_YoY,A010101,Quarterly
2009C,91330,GDP_YoY,A010101,Quarterly
2009D,102494.7,GDP_YoY,A010101,Quarterly
2010A,89125,GDP_YoY,A010101,Quarterly
2010B,101075,GDP_YoY,A010101,Quarterly
2010C,107792.9,GDP_YoY,A010101,Quarterly
2010D,121260.4,GDP_YoY,A010101,Quarterly
2011A,106218.9,GDP_YoY,A010101,Quarterly
2011B,120776.8,GDP_YoY,A010101,Quarterly
2011C,128561.5,GDP_YoY,A010101,Quarterly
2011D,140150.3,GDP_YoY,A010101,Quarterly
2012A,119377.5,GDP_YoY,A010101,Quarterly
2012B,133491.2,GDP_YoY,A010101,Quarterly
2012C,140384,GDP_YoY,A010101,Quarterly
2012D,154258,GDP_YoY,A010101,Quarterly
2013A,131879.7,GDP_YoY,A010101,Quarterly
2013B,146113.9,GDP_YoY,A010101,Quarterly
2013C,154972.1,GDP_YoY,A010101,Quarterly
2013D,170694.7,GDP_YoY,A010101,Quarterly
2014A,143539.4,GDP_YoY,A010101,Quarterly
2014B,159462.4,GDP_YoY,A010101,Quarterly
2014C,168601.7,GDP_YoY,A010101,Quarterly
2014D,184179.4,GDP_YoY,A010101,Quarterly
2015A,154171.4,GDP_YoY,A010101,Quarterly
2015B,171887,GDP_YoY,A010101,Quarterly
2015C,180118.7,GDP_YoY,A010101,Quarterly
2015D,196334.4,GDP_YoY,A010101,Quarterly
2016A,165735.3,GDP_YoY,A010101,Quarterly
2016B,185002.2,GDP_YoY,A010101,Quarterly
2016C,194837.5,GDP_YoY,A010101,Quarterly
2016D,215617.9,GDP_YoY,A010101,Quarterly
2017A,185274.4,GDP_YoY,A010101,Quarterly
2017B,205665.6,GDP_YoY,A010101,Quarterly
2017C,216755.3,GDP_YoY,A010101,Quarterly
2017D,239687.6,GDP_YoY,A010101,Quarterly
2018A,205735.3,GDP_YoY,A010101,Quarterly
2018B,228042.4,GDP_YoY,A010101,Quarterly
2018C,238796.8,GDP_YoY,A010101,Quarterly
2018D,263435.6,GDP_YoY,A010101,Quarterly
2019A,221453.9,GDP_YoY,A010101,Quarterly
2019B,246193.9,GDP_YoY,A010101,Quarterly
2019C,256023.2,GDP_YoY,A010101,Quarterly
2019D,282201.4,GDP_YoY,A010101,Quarterly
2020A,209671.1,GDP_YoY,A010101,Quarterly
2020B,253450,GDP_YoY,A010101,Quarterly
2020C,269910.2,GDP_YoY,A010101,Quarterly
2020D,301836.2,GDP_YoY,A010101,Quarterly
2021A,255055.2,GDP_YoY,A010101,Quarterly
2021B,287979.2,GDP_YoY,A010101,Quarterly
2021C,297961.9,GDP_YoY,A010101,Quarterly
2021D,332826.7,GDP_YoY,A010101,Quarterly
2022A,277175.8,GDP_YoY,A010101,Quarterly
2022B,299111.5,GDP_YoY,A010101,Quarterly
2022C,315399.6,GDP_YoY,A010101,Quarterly
2022D,342342.4,GDP_YoY,A010101,Quarterly
2023A,292368.8,GDP_YoY,A010101,Quarterly
2023B,316237.5,GDP_YoY,A010101,Quarterly
2023C,328440.7,GDP_YoY,A010101,Quarterly
2023D,357224.8,GDP_YoY,A010101,Quarterly
2024A,304761.8,GDP_YoY,A010101,Quarterly
2024B,328837.6,GDP_YoY,A010101,Quarterly
2024C,341758,GDP_YoY,A010101,Quarterly
2024D,373726.2,GDP_YoY,A010101,Quarterly
2025A,318758,GDP_YoY,A010101,Quarterly
2025B,341777.8,GDP_YoY,A010101,Quarterly
2025C,354500.2,GDP_YoY,A010101,Quarterly
200001,14.9,M2_YoY,A0D0102,Monthly
200002,12.8,M2_YoY,A0D0102,Monthly
200003,13,M2_YoY,A0D0102,Monthly
200004,13.7,M2_YoY,A0D0102,Monthly
200005,12.7,M2_YoY,A0D0102,Monthly
200006,13.7,M2_YoY,A0D0102,Monthly
200007,13.4,M2_YoY,A0D0102,Monthly
200008,13.3,M2_YoY,A0D0102,Monthly
200009,13.4,M2_YoY,A0D0102,Monthly
200010,12.3,M2_YoY,A0D0102,Monthly
200011,12.4,M2_YoY,A0D0102,Monthly
200012,12.3,M2_YoY,A0D0102,Monthly
200101,13.5,M2_YoY,A0D0102,Monthly
200102,12,M2_YoY,A0D0102,Monthly
200103,13.2,M2_YoY,A0D0102,Monthly
200104,12.8,M2_YoY,A0D0102,Monthly
200105,12.1,M2_YoY,A0D0102,Monthly
200106,14.3,M2_YoY,A0D0102,Monthly
200107,13.5,M2_YoY,A0D0102,Monthly
200108,13.6,M2_YoY,A0D0102,Monthly
200109,16.4,M2_YoY,A0D0102,Monthly
200110,12.9,M2_YoY,A0D0102,Monthly
200111,17.6,M2_YoY,A0D0102,Monthly
200112,14.4,M2_YoY,A0D0102,Monthly
200201,13.1,M2_YoY,A0D0102,Monthly
200202,13,M2_YoY,A0D0102,Monthly
200203,14.4,M2_YoY,A0D0102,Monthly
200204,14.1,M2_YoY,A0D0102,Monthly
200205,14,M2_YoY,A0D0102,Monthly
200206,14.7,M2_YoY,A0D0102,Monthly
200207,14.4,M2_YoY,A0D0102,Monthly
200208,15.5,M2_YoY,A0D0102,Monthly
200209,16.5,M2_YoY,A0D0102,Monthly
200210,17,M2_YoY,A0D0102,Monthly
200211,16.6,M2_YoY,A0D0102,Monthly
200212,16.8,M2_YoY,A0D0102,Monthly
200301,19.3,M2_YoY,A0D0102,Monthly
200302,18.1,M2_YoY,A0D0102,Monthly
200303,18.5,M2_YoY,A0D0102,Monthly
200304,19.2,M2_YoY,A0D0102,Monthly
200305,20.2,M2_YoY,A0D0102,Monthly
200306,20.8,M2_YoY,A0D0102,Monthly
200307,20.7,M2_YoY,A0D0102,Monthly
200308,21.6,M2_YoY,A0D0102,Monthly
200309,20.7,M2_YoY,A0D0102,Monthly
200310,21,M2_YoY,A0D0102,Monthly
200311,20.4,M2_YoY,A0D0102,Monthly
200312,19.6,M2_YoY,A0D0102,Monthly
200401,18.1,M2_YoY,A0D0102,Monthly
200402,19.4,M2_YoY,A0D0102,Monthly
200403,19.1,M2_YoY,A0D0102,Monthly
200404,19.1,M2_YoY,A0D0102,Monthly
200405,17.5,M2_YoY,A0D0102,Monthly
200406,16.2,M2_YoY,A0D0102,Monthly
200407,15.3,M2_YoY,A0D0102,Monthly
200408,13.6,M2_YoY,A0D0102,Monthly
200409,13.9,M2_YoY,A0D0102,Monthly
200410,13.5,M2_YoY,A0D0102,Monthly
200411,14,M2_YoY,A0D0102,Monthly
200412,14.6,M2_YoY,A0D0102,Monthly
200501,14.1,M2_YoY,A0D0102,Monthly
200502,13.9,M2_YoY,A0D0102,Monthly
200503,14,M2_YoY,A0D0102,Monthly
200504,14.1,M2_YoY,A0D0102,Monthly
200505,14.7,M2_YoY,A0D0102,Monthly
200506,15.7,M2_YoY,A0D0102,Monthly
200507,16.3,M2_YoY,A0D0102,Monthly
200508,17.3,M2_YoY,A0D0102,Monthly
200509,17.9,M2_YoY,A0D0102,Monthly
200510,18,M2_YoY,A0D0102,Monthly
200511,18.3,M2_YoY,A0D0102,Monthly
200512,17.6,M2_YoY,A0D0102,Monthly
200601,19.2,M2_YoY,A0D0102,Monthly
200602,18.8,M2_YoY,A0D0102,Monthly
200603,18.8,M2_YoY,A0D0102,Monthly
200604,18.9,M2_YoY,A0D0102,Monthly
200605,19.1,M2_YoY,A0D0102,Monthly
200606,18.4,M2_YoY,A0D0102,Monthly
200607,18.4,M2_YoY,A0D0102,Monthly
200608,17.9,M2_YoY,A0D0102,Monthly
200609,16.8,M2_YoY,A0D0102,Monthly
200610,17.1,M2_YoY,A0D0102,Monthly
200611,16.8,M2_YoY,A0D0102,Monthly
200612,16.9,M2_YoY,A0D0102,Monthly
200701,15.8,M2_YoY,A0D0102,Monthly
200702,17.8,M2_YoY,A0D0102,Monthly
200703,17.3,M2_YoY,A0D0102,Monthly
200704,17.1,M2_YoY,A0D0102,Monthly
200705,16.7,M2_YoY,A0D0102,Monthly
200706,17.1,M2_YoY,A0D0102,Monthly
200707,18.5,M2_YoY,A0D0102,Monthly
200708,18.1,M2_YoY,A0D0102,Monthly
200709,18.5,M2_YoY,A0D0102,Monthly
200710,18.5,M2_YoY,A0D0102,Monthly
200711,18.5,M2_YoY,A0D0102,Monthly
200712,16.7,M2_YoY,A0D0102,Monthly
200801,18.9,M2_YoY,A0D0102,Monthly
200802,17.4,M2_YoY,A0D0102,Monthly
200803,16.2,M2_YoY,A0D0102,Monthly
200804,16.9,M2_YoY,A0D0102,Monthly
200805,18.1,M2_YoY,A0D0102,Monthly
200806,17.4,M2_YoY,A0D0102,Monthly
200807,16.4,M2_YoY,A0D0102,Monthly
200808,16,M2_YoY,A0D0102,Monthly
200809,15.3,M2_YoY,A0D0102,Monthly
200810,15,M2_YoY,A0D0102,Monthly
200811,14.8,M2_YoY,A0D0102,Monthly
200812,17.8,M2_YoY,A0D0102,Monthly
200901,18.8,M2_YoY,A0D0102,Monthly
200902,20.5,M2_YoY,A0D0102,Monthly
200903,25.5,M2_YoY,A0D0102,Monthly
200904,26,M2_YoY,A0D0102,Monthly
200905,25.7,M2_YoY,A0D0102,Monthly
200906,28.5,M2_YoY,A0D0102,Monthly
200907,28.4,M2_YoY,A0D0102,Monthly
200908,28.5,M2_YoY,A0D0102,Monthly
200909,29.3,M2_YoY,A0D0102,Monthly
200910,29.4,M2_YoY,A0D0102,Monthly
200911,29.7,M2_YoY,A0D0102,Monthly
200912,27.7,M2_YoY,A0D0102,Monthly
201001,26,M2_YoY,A0D0102,Monthly
201002,25.5,M2_YoY,A0D0102,Monthly
201003,22.5,M2_YoY,A0D0102,Monthly
201004,21.5,M2_YoY,A0D0102,Monthly
201005,21,M2_YoY,A0D0102,Monthly
201006,18.5,M2_YoY,A0D0102,Monthly
201007,17.6,M2_YoY,A0D0102,Monthly
201008,19.2,M2_YoY,A0D0102,Monthly
201009,19,M2_YoY,A0D0102,Monthly
201010,19.3,M2_YoY,A0D0102,Monthly
201011,19.5,M2_YoY,A0D0102,Monthly
201012,19.7,M2_YoY,A0D0102,Monthly
201101,17.2,M2_YoY,A0D0102,Monthly
201102,15.7,M2_YoY,A0D0102,Monthly
201103,16.63,M2_YoY,A0D0102,Monthly
201104,15.3,M2_YoY,A0D0102,Monthly
201105,15.1,M2_YoY,A0D0102,Monthly
201106,15.9,M2_YoY,A0D0102,Monthly
201107,14.7,M2_YoY,A0D0102,Monthly
201108,13.6,M2_YoY,A0D0102,Monthly
201109,13,M2_YoY,A0D0102,Monthly
201110,12.9,M2_YoY,A0D0102,Monthly
201111,12.7,M2_YoY,A0D0102,Monthly
201112,13.6,M2_YoY,A0D0102,Monthly
201201,12.4,M2_YoY,A0D0102,Monthly
201202,13,M2_YoY,A0D0102,Monthly
201203,13.4,M2_YoY,A0D0102,Monthly
201204,12.8,M2_YoY,A0D0102,Monthly
201205,13.2,M2_YoY,A0D0102,Monthly
201206,13.64,M2_YoY,A0D0102,Monthly
201207,13.9,M2_YoY,A0D0102,Monthly
201208,13.5,M2_YoY,A0D0102,Monthly
201209,14.8,M2_YoY,A0D0102,Monthly
201210,14.1,M2_YoY,A0D0102,Monthly
201211,13.9,M2_YoY,A0D0102,Monthly
201212,13.8,M2_YoY,A0D0102,Monthly
201301,15.9,M2_YoY,A0D0102,Monthly
201302,15.2,M2_YoY,A0D0102,Monthly
201303,15.7,M2_YoY,A0D0102,Monthly
201304,16.1,M2_YoY,A0D0102,Monthly
201305,15.8,M2_YoY,A0D0102,Monthly
201306,14,M2_YoY,A0D0102,Monthly
201307,14.5,M2_YoY,A0D0102,Monthly
201308,14.7,M2_YoY,A0D0102,Monthly
201309,14.2,M2_YoY,A0D0102,Monthly
201310,14.3,M2_YoY,A0D0102,Monthly
201311,14.2,M2_YoY,A0D0102,Monthly
201312,13.6,M2_YoY,A0D0102,Monthly
201401,13.2,M2_YoY,A0D0102,Monthly
201402,13.3,M2_YoY,A0D0102,Monthly
201403,12.1,M2_YoY,A0D0102,Monthly
201404,13.2,M2_YoY,A0D0102,Monthly
201405,13.4,M2_YoY,A0D0102,Monthly
201406,14.7,M2_YoY,A0D0102,Monthly
201407,13.5,M2_YoY,A0D0102,Monthly
201408,12.8,M2_YoY,A0D0102,Monthly
201409,12.9,M2_YoY,A0D0102,Monthly
201410,12.6,M2_YoY,A0D0102,Monthly
201411,12.3,M2_YoY,A0D0102,Monthly
201412,12.2,M2_YoY,A0D0102,Monthly
201501,10.8,M2_YoY,A0D0102,Monthly
201502,12.5,M2_YoY,A0D0102,Monthly
201503,11.6,M2_YoY,A0D0102,Monthly
201504,10.1,M2_YoY,A0D0102,Monthly
201505,10.8,M2_YoY,A0D0102,Monthly
201506,11.8,M2_YoY,A0D0102,Monthly
201507,13.3,M2_YoY,A0D0102,Monthly
201508,13.3,M2_YoY,A0D0102,Monthly
201509,13.1,M2_YoY,A0D0102,Monthly
201510,13.5,M2_YoY,A0D0102,Monthly
201511,13.7,M2_YoY,A0D0102,Monthly
201512,13.3,M2_YoY,A0D0102,Monthly
201601,14,M2_YoY,A0D0102,Monthly
201602,13.3,M2_YoY,A0D0102,Monthly
201603,13.4,M2_YoY,A0D0102,Monthly
201604,12.8,M2_YoY,A0D0102,Monthly
201605,11.8,M2_YoY,A0D0102,Monthly
201606,11.8,M2_YoY,A0D0102,Monthly
201607,10.2,M2_YoY,A0D0102,Monthly
201608,11.4,M2_YoY,A0D0102,Monthly
201609,11.5,M2_YoY,A0D0102,Monthly
201610,11.6,M2_YoY,A0D0102,Monthly
201611,11.4,M2_YoY,A0D0102,Monthly
201612,11.3,M2_YoY,A0D0102,Monthly
201701,11.3,M2_YoY,A0D0102,Monthly
201702,11.1,M2_YoY,A0D0102,Monthly
201703,10.6,M2_YoY,A0D0102,Monthly
201704,10.5,M2_YoY,A0D0102,Monthly
201705,9.6,M2_YoY,A0D0102,Monthly
201706,9.4,M2_YoY,A0D0102,Monthly
201707,9.2,M2_YoY,A0D0102,Monthly
201708,8.9,M2_YoY,A0D0102,Monthly
201709,9.2,M2_YoY,A0D0102,Monthly
201710,8.8,M2_YoY,A0D0102,Monthly
201711,9.1,M2_YoY,A0D0102,Monthly
201712,8.2,M2_YoY,A0D0102,Monthly
201801,8.6,M2_YoY,A0D0102,Monthly
201802,8.8,M2_YoY,A0D0102,Monthly
201803,8.2,M2_YoY,A0D0102,Monthly
201804,8.3,M2_YoY,A0D0102,Monthly
201805,8.3,M2_YoY,A0D0102,Monthly
201806,8,M2_YoY,A0D0102,Monthly
201807,8.5,M2_YoY,A0D0102,Monthly
201808,8.2,M2_YoY,A0D0102,Monthly
201809,8.3,M2_YoY,A0D0102,Monthly
201810,8,M2_YoY,A0D0102,Monthly
201811,8,M2_YoY,A0D0102,Monthly
201812,8.1,M2_YoY,A0D0102,Monthly
201901,8.4,M2_YoY,A0D0102,Monthly
201902,8,M2_YoY,A0D0102,Monthly
201903,8.6,M2_YoY,A0D0102,Monthly
201904,8.5,M2_YoY,A0D0102,Monthly
201905,8.5,M2_YoY,A0D0102,Monthly
201906,8.5,M2_YoY,A0D0102,Monthly
201907,8.1,M2_YoY,A0D0102,Monthly
201908,8.2,M2_YoY,A0D0102,Monthly
201909,8.4,M2_YoY,A0D0102,Monthly
201910,8.4,M2_YoY,A0D0102,Monthly
201911,8.2,M2_YoY,A0D0102,Monthly
201912,8.7,M2_YoY,A0D0102,Monthly
202001,8.4,M2_YoY,A0D0102,Monthly
202002,8.8,M2_YoY,A0D0102,Monthly
202003,10.1,M2_YoY,A0D0102,Monthly
202004,11.1,M2_YoY,A0D0102,Monthly
202005,11.1,M2_YoY,A0D0102,Monthly
202006,11.1,M2_YoY,A0D0102,Monthly
202007,10.7,M2_YoY,A0D0102,Monthly
202008,10.4,M2_YoY,A0D0102,Monthly
202009,10.9,M2_YoY,A0D0102,Monthly
202010,10.5,M2_YoY,A0D0102,Monthly
202011,10.7,M2_YoY,A0D0102,Monthly
202012,10.1,M2_YoY,A0D0102,Monthly
202101,9.4,M2_YoY,A0D0102,Monthly
202102,10.1,M2_YoY,A0D0102,Monthly
202103,9.4,M2_YoY,A0D0102,Monthly
202104,8.1,M2_YoY,A0D0102,Monthly
202105,8.3,M2_YoY,A0D0102,Monthly
202106,8.6,M2_YoY,A0D0102,Monthly
202107,8.3,M2_YoY,A0D0102,Monthly
202108,8.2,M2_YoY,A0D0102,Monthly
202109,8.3,M2_YoY,A0D0102,Monthly
202110,8.7,M2_YoY,A0D0102,Monthly
202111,8.5,M2_YoY,A0D0102,Monthly
202112,9,M2_YoY,A0D0102,Monthly
202201,9.8,M2_YoY,A0D0102,Monthly
202202,9.2,M2_YoY,A0D0102,Monthly
202203,9.7,M2_YoY,A0D0102,Monthly
202204,10.5,M2_YoY,A0D0102,Monthly
202205,11.1,M2_YoY,A0D0102,Monthly
202206,11.4,M2_YoY,A0D0102,Monthly
202207,12,M2_YoY,A0D0102,Monthly
202208,12.2,M2_YoY,A0D0102,Monthly
202209,12.1,M2_YoY,A0D0102,Monthly
202210,11.8,M2_YoY,A0D0102,Monthly
202211,12.4,M2_YoY,A0D0102,Monthly
202212,11.8,M2_YoY,A0D0102,Monthly
202301,12.6,M2_YoY,A0D0102,Monthly
202302,12.9,M2_YoY,A0D0102,Monthly
202303,12.7,M2_YoY,A0D0102,Monthly
202304,12.4,M2_YoY,A0D0102,Monthly
202305,11.6,M2_YoY,A0D0102,Monthly
202306,11.3,M2_YoY,A0D0102,Monthly
202307,10.7,M2_YoY,A0D0102,Monthly
202308,10.6,M2_YoY,A0D0102,Monthly
202309,10.3,M2_YoY,A0D0102,Monthly
202310,10.3,M2_YoY,A0D0102,Monthly
202311,10,M2_YoY,A0D0102,Monthly
202312,9.7,M2_YoY,A0D0102,Monthly
202401,8.7,M2_YoY,A0D0102,Monthly
202402,8.7,M2_YoY,A0D0102,Monthly
202403,8.3,M2_YoY,A0D0102,Monthly
202404,7.2,M2_YoY,A0D0102,Monthly
202405,7,M2_YoY,A0D0102,Monthly
202406,6.2,M2_YoY,A0D0102,Monthly
202407,6.3,M2_YoY,A0D0102,Monthly
202408,6.3,M2_YoY,A0D0102,Monthly
202409,6.84026399,M2_YoY,A0D0102,Monthly
202410,7.452996687,M2_YoY,A0D0102,Monthly
202411,7.128161,M2_YoY,A0D0102,Monthly
202412,7.27437,M2_YoY,A0D0102,Monthly
202501,7.022157613,M2_YoY,A0D0102,Monthly
202502,6.997000978,M2_YoY,A0D0102,Monthly
202503,6.975254165,M2_YoY,A0D0102,Monthly
202504,7.961552433,M2_YoY,A0D0102,Monthly
202505,7.928800609,M2_YoY,A0D0102,Monthly
202506,8.285024471,M2_YoY,A0D0102,Monthly
202507,8.782160969,M2_YoY,A0D0102,Monthly
202508,8.830473366,M2_YoY,A0D0102,Monthly
202509,8.368002368,M2_YoY,A0D0102,Monthly
202510,8.208354779,M2_YoY,A0D0102,Monthly
202511,0,M2_YoY,A0D0102,Monthly
200001,0,Consumer_Confidence_Index,A0B0101,Monthly
200002,0,Consumer_Confidence_Index,A0B0101,Monthly
200003,0,Consumer_Confidence_Index,A0B0101,Monthly
200004,0,Consumer_Confidence_Index,A0B0101,Monthly
200005,0,Consumer_Confidence_Index,A0B0101,Monthly
200006,0,Consumer_Confidence_Index,A0B0101,Monthly
200007,0,Consumer_Confidence_Index,A0B0101,Monthly
200008,0,Consumer_Confidence_Index,A0B0101,Monthly
200009,0,Consumer_Confidence_Index,A0B0101,Monthly
200010,0,Consumer_Confidence_Index,A0B0101,Monthly
200011,0,Consumer_Confidence_Index,A0B0101,Monthly
200012,0,Consumer_Confidence_Index,A0B0101,Monthly
200101,0,Consumer_Confidence_Index,A0B0101,Monthly
200102,0,Consumer_Confidence_Index,A0B0101,Monthly
200103,0,Consumer_Confidence_Index,A0B0101,Monthly
200104,0,Consumer_Confidence_Index,A0B0101,Monthly
200105,0,Consumer_Confidence_Index,A0B0101,Monthly
200106,0,Consumer_Confidence_Index,A0B0101,Monthly
200107,0,Consumer_Confidence_Index,A0B0101,Monthly
200108,0,Consumer_Confidence_Index,A0B0101,Monthly
200109,0,Consumer_Confidence_Index,A0B0101,Monthly
200110,0,Consumer_Confidence_Index,A0B0101,Monthly
200111,0,Consumer_Confidence_Index,A0B0101,Monthly
200112,0,Consumer_Confidence_Index,A0B0101,Monthly
200201,0,Consumer_Confidence_Index,A0B0101,Monthly
200202,0,Consumer_Confidence_Index,A0B0101,Monthly
200203,0,Consumer_Confidence_Index,A0B0101,Monthly
200204,0,Consumer_Confidence_Index,A0B0101,Monthly
200205,0,Consumer_Confidence_Index,A0B0101,Monthly
200206,0,Consumer_Confidence_Index,A0B0101,Monthly
200207,0,Consumer_Confidence_Index,A0B0101,Monthly
200208,0,Consumer_Confidence_Index,A0B0101,Monthly
200209,0,Consumer_Confidence_Index,A0B0101,Monthly
200210,0,Consumer_Confidence_Index,A0B0101,Monthly
200211,0,Consumer_Confidence_Index,A0B0101,Monthly
200212,0,Consumer_Confidence_Index,A0B0101,Monthly
200301,0,Consumer_Confidence_Index,A0B0101,Monthly
200302,0,Consumer_Confidence_Index,A0B0101,Monthly
200303,0,Consumer_Confidence_Index,A0B0101,Monthly
200304,0,Consumer_Confidence_Index,A0B0101,Monthly
200305,0,Consumer_Confidence_Index,A0B0101,Monthly
200306,0,Consumer_Confidence_Index,A0B0101,Monthly
200307,0,Consumer_Confidence_Index,A0B0101,Monthly
200308,0,Consumer_Confidence_Index,A0B0101,Monthly
200309,0,Consumer_Confidence_Index,A0B0101,Monthly
200310,0,Consumer_Confidence_Index,A0B0101,Monthly
200311,0,Consumer_Confidence_Index,A0B0101,Monthly
200312,0,Consumer_Confidence_Index,A0B0101,Monthly
200401,0,Consumer_Confidence_Index,A0B0101,Monthly
200402,0,Consumer_Confidence_Index,A0B0101,Monthly
200403,0,Consumer_Confidence_Index,A0B0101,Monthly
200404,0,Consumer_Confidence_Index,A0B0101,Monthly
200405,0,Consumer_Confidence_Index,A0B0101,Monthly
200406,0,Consumer_Confidence_Index,A0B0101,Monthly
200407,0,Consumer_Confidence_Index,A0B0101,Monthly
200408,0,Consumer_Confidence_Index,A0B0101,Monthly
200409,0,Consumer_Confidence_Index,A0B0101,Monthly
200410,0,Consumer_Confidence_Index,A0B0101,Monthly
200411,0,Consumer_Confidence_Index,A0B0101,Monthly
200412,0,Consumer_Confidence_Index,A0B0101,Monthly
200501,54.7,Consumer_Confidence_Index,A0B0101,Monthly
200502,54.5,Consumer_Confidence_Index,A0B0101,Monthly
200503,57.9,Consumer_Confidence_Index,A0B0101,Monthly
200504,56.7,Consumer_Confidence_Index,A0B0101,Monthly
200505,52.9,Consumer_Confidence_Index,A0B0101,Monthly
200506,51.7,Consumer_Confidence_Index,A0B0101,Monthly
200507,51.1,Consumer_Confidence_Index,A0B0101,Monthly
200508,52.6,Consumer_Confidence_Index,A0B0101,Monthly
200509,55.1,Consumer_Confidence_Index,A0B0101,Monthly
200510,54.1,Consumer_Confidence_Index,A0B0101,Monthly
200511,54.1,Consumer_Confidence_Index,A0B0101,Monthly
200512,54.3,Consumer_Confidence_Index,A0B0101,Monthly
200601,52.1,Consumer_Confidence_Index,A0B0101,Monthly
200602,52.1,Consumer_Confidence_Index,A0B0101,Monthly
200603,55.3,Consumer_Confidence_Index,A0B0101,Monthly
200604,58.1,Consumer_Confidence_Index,A0B0101,Monthly
200605,54.8,Consumer_Confidence_Index,A0B0101,Monthly
200606,54.1,Consumer_Confidence_Index,A0B0101,Monthly
200607,52.4,Consumer_Confidence_Index,A0B0101,Monthly
200608,53.1,Consumer_Confidence_Index,A0B0101,Monthly
200609,57,Consumer_Confidence_Index,A0B0101,Monthly
200610,54.7,Consumer_Confidence_Index,A0B0101,Monthly
200611,55.3,Consumer_Confidence_Index,A0B0101,Monthly
200612,54.8,Consumer_Confidence_Index,A0B0101,Monthly
200701,55.1,Consumer_Confidence_Index,A0B0101,Monthly
200702,53.1,Consumer_Confidence_Index,A0B0101,Monthly
200703,56.1,Consumer_Confidence_Index,A0B0101,Monthly
200704,58.6,Consumer_Confidence_Index,A0B0101,Monthly
200705,55.7,Consumer_Confidence_Index,A0B0101,Monthly
200706,54.5,Consumer_Confidence_Index,A0B0101,Monthly
200707,53.3,Consumer_Confidence_Index,A0B0101,Monthly
200708,54,Consumer_Confidence_Index,A0B0101,Monthly
200709,56.1,Consumer_Confidence_Index,A0B0101,Monthly
200710,53.2,Consumer_Confidence_Index,A0B0101,Monthly
200711,55.4,Consumer_Confidence_Index,A0B0101,Monthly
200712,55.3,Consumer_Confidence_Index,A0B0101,Monthly
200801,53,Consumer_Confidence_Index,A0B0101,Monthly
200802,53.4,Consumer_Confidence_Index,A0B0101,Monthly
200803,58.4,Consumer_Confidence_Index,A0B0101,Monthly
200804,59.2,Consumer_Confidence_Index,A0B0101,Monthly
200805,53.3,Consumer_Confidence_Index,A0B0101,Monthly
200806,52,Consumer_Confidence_Index,A0B0101,Monthly
200807,48.4,Consumer_Confidence_Index,A0B0101,Monthly
200808,48.4,Consumer_Confidence_Index,A0B0101,Monthly
200809,51.2,Consumer_Confidence_Index,A0B0101,Monthly
200810,44.6,Consumer_Confidence_Index,A0B0101,Monthly
200811,38.8,Consumer_Confidence_Index,A0B0101,Monthly
200812,41.2,Consumer_Confidence_Index,A0B0101,Monthly
200901,45.3,Consumer_Confidence_Index,A0B0101,Monthly
200902,49,Consumer_Confidence_Index,A0B0101,Monthly
200903,52.4,Consumer_Confidence_Index,A0B0101,Monthly
200904,53.5,Consumer_Confidence_Index,A0B0101,Monthly
200905,53.1,Consumer_Confidence_Index,A0B0101,Monthly
200906,53.2,Consumer_Confidence_Index,A0B0101,Monthly
200907,53.3,Consumer_Confidence_Index,A0B0101,Monthly
200908,54,Consumer_Confidence_Index,A0B0101,Monthly
200909,54.3,Consumer_Confidence_Index,A0B0101,Monthly
200910,55.2,Consumer_Confidence_Index,A0B0101,Monthly
200911,55.2,Consumer_Confidence_Index,A0B0101,Monthly
200912,56.6,Consumer_Confidence_Index,A0B0101,Monthly
201001,55.8,Consumer_Confidence_Index,A0B0101,Monthly
201002,52,Consumer_Confidence_Index,A0B0101,Monthly
201003,55.1,Consumer_Confidence_Index,A0B0101,Monthly
201004,55.7,Consumer_Confidence_Index,A0B0101,Monthly
201005,53.9,Consumer_Confidence_Index,A0B0101,Monthly
201006,52.1,Consumer_Confidence_Index,A0B0101,Monthly
201007,51.2,Consumer_Confidence_Index,A0B0101,Monthly
201008,51.7,Consumer_Confidence_Index,A0B0101,Monthly
201009,53.8,Consumer_Confidence_Index,A0B0101,Monthly
201010,54.7,Consumer_Confidence_Index,A0B0101,Monthly
201011,55.2,Consumer_Confidence_Index,A0B0101,Monthly
201012,53.9,Consumer_Confidence_Index,A0B0101,Monthly
201101,52.9,Consumer_Confidence_Index,A0B0101,Monthly
201102,52.2,Consumer_Confidence_Index,A0B0101,Monthly
201103,53.4,Consumer_Confidence_Index,A0B0101,Monthly
201104,52.9,Consumer_Confidence_Index,A0B0101,Monthly
201105,52,Consumer_Confidence_Index,A0B0101,Monthly
201106,50.9,Consumer_Confidence_Index,A0B0101,Monthly
201107,50.7,Consumer_Confidence_Index,A0B0101,Monthly
201108,50.9,Consumer_Confidence_Index,A0B0101,Monthly
201109,51.2,Consumer_Confidence_Index,A0B0101,Monthly
201110,50.4,Consumer_Confidence_Index,A0B0101,Monthly
201111,49,Consumer_Confidence_Index,A0B0101,Monthly
201112,50.3,Consumer_Confidence_Index,A0B0101,Monthly
201201,50.5,Consumer_Confidence_Index,A0B0101,Monthly
201202,51,Consumer_Confidence_Index,A0B0101,Monthly
201203,53.1,Consumer_Confidence_Index,A0B0101,Monthly
201204,53.3,Consumer_Confidence_Index,A0B0101,Monthly
201205,50.4,Consumer_Confidence_Index,A0B0101,Monthly
201206,50.2,Consumer_Confidence_Index,A0B0101,Monthly
201207,50.1,Consumer_Confidence_Index,A0B0101,Monthly
201208,49.2,Consumer_Confidence_Index,A0B0101,Monthly
201209,49.8,Consumer_Confidence_Index,A0B0101,Monthly
201210,50.2,Consumer_Confidence_Index,A0B0101,Monthly
201211,50.6,Consumer_Confidence_Index,A0B0101,Monthly
201212,50.6,Consumer_Confidence_Index,A0B0101,Monthly
201301,50.4,Consumer_Confidence_Index,A0B0101,Monthly
201302,50.1,Consumer_Confidence_Index,A0B0101,Monthly
201303,50.9,Consumer_Confidence_Index,A0B0101,Monthly
201304,50.6,Consumer_Confidence_Index,A0B0101,Monthly
201305,50.8,Consumer_Confidence_Index,A0B0101,Monthly
201306,50.1,Consumer_Confidence_Index,A0B0101,Monthly
201307,50.3,Consumer_Confidence_Index,A0B0101,Monthly
201308,51,Consumer_Confidence_Index,A0B0101,Monthly
201309,51.1,Consumer_Confidence_Index,A0B0101,Monthly
201310,51.4,Consumer_Confidence_Index,A0B0101,Monthly
201311,51.4,Consumer_Confidence_Index,A0B0101,Monthly
201312,51,Consumer_Confidence_Index,A0B0101,Monthly
201401,50.5,Consumer_Confidence_Index,A0B0101,Monthly
201402,50.2,Consumer_Confidence_Index,A0B0101,Monthly
201403,50.3,Consumer_Confidence_Index,A0B0101,Monthly
201404,50.4,Consumer_Confidence_Index,A0B0101,Monthly
201405,50.8,Consumer_Confidence_Index,A0B0101,Monthly
201406,51,Consumer_Confidence_Index,A0B0101,Monthly
201407,51.7,Consumer_Confidence_Index,A0B0101,Monthly
201408,51.1,Consumer_Confidence_Index,A0B0101,Monthly
201409,51.1,Consumer_Confidence_Index,A0B0101,Monthly
201410,50.8,Consumer_Confidence_Index,A0B0101,Monthly
201411,50.3,Consumer_Confidence_Index,A0B0101,Monthly
201412,50.1,Consumer_Confidence_Index,A0B0101,Monthly
201501,49.8,Consumer_Confidence_Index,A0B0101,Monthly
201502,49.9,Consumer_Confidence_Index,A0B0101,Monthly
201503,50.1,Consumer_Confidence_Index,A0B0101,Monthly
201504,50.1,Consumer_Confidence_Index,A0B0101,Monthly
201505,50.2,Consumer_Confidence_Index,A0B0101,Monthly
201506,50.2,Consumer_Confidence_Index,A0B0101,Monthly
201507,50,Consumer_Confidence_Index,A0B0101,Monthly
201508,49.7,Consumer_Confidence_Index,A0B0101,Monthly
201509,49.8,Consumer_Confidence_Index,A0B0101,Monthly
201510,49.8,Consumer_Confidence_Index,A0B0101,Monthly
201511,49.6,Consumer_Confidence_Index,A0B0101,Monthly
201512,49.7,Consumer_Confidence_Index,A0B0101,Monthly
201601,49.4,Consumer_Confidence_Index,A0B0101,Monthly
201602,49,Consumer_Confidence_Index,A0B0101,Monthly
201603,50.2,Consumer_Confidence_Index,A0B0101,Monthly
201604,50.1,Consumer_Confidence_Index,A0B0101,Monthly
201605,50.1,Consumer_Confidence_Index,A0B0101,Monthly
201606,50,Consumer_Confidence_Index,A0B0101,Monthly
201607,49.9,Consumer_Confidence_Index,A0B0101,Monthly
201608,50.4,Consumer_Confidence_Index,A0B0101,Monthly
201609,50.4,Consumer_Confidence_Index,A0B0101,Monthly
201610,51.2,Consumer_Confidence_Index,A0B0101,Monthly
201611,51.7,Consumer_Confidence_Index,A0B0101,Monthly
201612,51.4,Consumer_Confidence_Index,A0B0101,Monthly
201701,51.3,Consumer_Confidence_Index,A0B0101,Monthly
201702,51.6,Consumer_Confidence_Index,A0B0101,Monthly
201703,51.8,Consumer_Confidence_Index,A0B0101,Monthly
201704,51.2,Consumer_Confidence_Index,A0B0101,Monthly
201705,51.2,Consumer_Confidence_Index,A0B0101,Monthly
201706,51.7,Consumer_Confidence_Index,A0B0101,Monthly
201707,51.4,Consumer_Confidence_Index,A0B0101,Monthly
201708,51.7,Consumer_Confidence_Index,A0B0101,Monthly
201709,52.4,Consumer_Confidence_Index,A0B0101,Monthly
201710,51.6,Consumer_Confidence_Index,A0B0101,Monthly
201711,51.8,Consumer_Confidence_Index,A0B0101,Monthly
201712,51.6,Consumer_Confidence_Index,A0B0101,Monthly
201801,51.3,Consumer_Confidence_Index,A0B0101,Monthly
201802,50.3,Consumer_Confidence_Index,A0B0101,Monthly
201803,51.5,Consumer_Confidence_Index,A0B0101,Monthly
201804,51.4,Consumer_Confidence_Index,A0B0101,Monthly
201805,51.9,Consumer_Confidence_Index,A0B0101,Monthly
201806,51.5,Consumer_Confidence_Index,A0B0101,Monthly
201807,51.2,Consumer_Confidence_Index,A0B0101,Monthly
201808,51.3,Consumer_Confidence_Index,A0B0101,Monthly
201809,50.8,Consumer_Confidence_Index,A0B0101,Monthly
201810,50.2,Consumer_Confidence_Index,A0B0101,Monthly
201811,50,Consumer_Confidence_Index,A0B0101,Monthly
201812,49.4,Consumer_Confidence_Index,A0B0101,Monthly
201901,49.5,Consumer_Confidence_Index,A0B0101,Monthly
201902,49.2,Consumer_Confidence_Index,A0B0101,Monthly
201903,50.5,Consumer_Confidence_Index,A0B0101,Monthly
201904,50.1,Consumer_Confidence_Index,A0B0101,Monthly
201905,49.4,Consumer_Confidence_Index,A0B0101,Monthly
201906,49.4,Consumer_Confidence_Index,A0B0101,Monthly
201907,49.7,Consumer_Confidence_Index,A0B0101,Monthly
201908,49.5,Consumer_Confidence_Index,A0B0101,Monthly
201909,49.8,Consumer_Confidence_Index,A0B0101,Monthly
201910,49.3,Consumer_Confidence_Index,A0B0101,Monthly
201911,50.2,Consumer_Confidence_Index,A0B0101,Monthly
201912,50.2,Consumer_Confidence_Index,A0B0101,Monthly
202001,50,Consumer_Confidence_Index,A0B0101,Monthly
202002,35.7,Consumer_Confidence_Index,A0B0101,Monthly
202003,52,Consumer_Confidence_Index,A0B0101,Monthly
202004,50.8,Consumer_Confidence_Index,A0B0101,Monthly
202005,50.6,Consumer_Confidence_Index,A0B0101,Monthly
202006,50.9,Consumer_Confidence_Index,A0B0101,Monthly
202007,51.1,Consumer_Confidence_Index,A0B0101,Monthly
202008,51,Consumer_Confidence_Index,A0B0101,Monthly
202009,51.5,Consumer_Confidence_Index,A0B0101,Monthly
202010,51.4,Consumer_Confidence_Index,A0B0101,Monthly
202011,52.1,Consumer_Confidence_Index,A0B0101,Monthly
202012,51.9,Consumer_Confidence_Index,A0B0101,Monthly
202101,51.3,Consumer_Confidence_Index,A0B0101,Monthly
202102,50.6,Consumer_Confidence_Index,A0B0101,Monthly
202103,51.9,Consumer_Confidence_Index,A0B0101,Monthly
202104,51.1,Consumer_Confidence_Index,A0B0101,Monthly
202105,51,Consumer_Confidence_Index,A0B0101,Monthly
202106,50.9,Consumer_Confidence_Index,A0B0101,Monthly
202107,50.4,Consumer_Confidence_Index,A0B0101,Monthly
202108,50.1,Consumer_Confidence_Index,A0B0101,Monthly
202109,49.6,Consumer_Confidence_Index,A0B0101,Monthly
202110,49.2,Consumer_Confidence_Index,A0B0101,Monthly
202111,50.1,Consumer_Confidence_Index,A0B0101,Monthly
202112,50.3,Consumer_Confidence_Index,A0B0101,Monthly
202201,50.1,Consumer_Confidence_Index,A0B0101,Monthly
202202,50.2,Consumer_Confidence_Index,A0B0101,Monthly
202203,49.5,Consumer_Confidence_Index,A0B0101,Monthly
202204,47.4,Consumer_Confidence_Index,A0B0101,Monthly
202205,49.6,Consumer_Confidence_Index,A0B0101,Monthly
202206,50.2,Consumer_Confidence_Index,A0B0101,Monthly
202207,49,Consumer_Confidence_Index,A0B0101,Monthly
202208,49.4,Consumer_Confidence_Index,A0B0101,Monthly
202209,50.1,Consumer_Confidence_Index,A0B0101,Monthly
202210,49.2,Consumer_Confidence_Index,A0B0101,Monthly
202211,48,Consumer_Confidence_Index,A0B0101,Monthly
202212,47,Consumer_Confidence_Index,A0B0101,Monthly
202301,50.1,Consumer_Confidence_Index,A0B0101,Monthly
202302,52.6,Consumer_Confidence_Index,A0B0101,Monthly
202303,51.9,Consumer_Confidence_Index,A0B0101,Monthly
202304,49.2,Consumer_Confidence_Index,A0B0101,Monthly
202305,48.8,Consumer_Confidence_Index,A0B0101,Monthly
202306,49,Consumer_Confidence_Index,A0B0101,Monthly
202307,49.3,Consumer_Confidence_Index,A0B0101,Monthly
202308,49.7,Consumer_Confidence_Index,A0B0101,Monthly
202309,50.2,Consumer_Confidence_Index,A0B0101,Monthly
202310,49.5,Consumer_Confidence_Index,A0B0101,Monthly
202311,49.4,Consumer_Confidence_Index,A0B0101,Monthly
202312,49,Consumer_Confidence_Index,A0B0101,Monthly
202401,49.2,Consumer_Confidence_Index,A0B0101,Monthly
202402,49.1,Consumer_Confidence_Index,A0B0101,Monthly
202403,50.8,Consumer_Confidence_Index,A0B0101,Monthly
202404,50.4,Consumer_Confidence_Index,A0B0101,Monthly
202405,49.5,Consumer_Confidence_Index,A0B0101,Monthly
202406,49.5,Consumer_Confidence_Index,A0B0101,Monthly
202407,49.4,Consumer_Confidence_Index,A0B0101,Monthly
202408,49.1,Consumer_Confidence_Index,A0B0101,Monthly
202409,49.8,Consumer_Confidence_Index,A0B0101,Monthly
202410,50.1,Consumer_Confidence_Index,A0B0101,Monthly
202411,50.3,Consumer_Confidence_Index,A0B0101,Monthly
202412,50.1,Consumer_Confidence_Index,A0B0101,Monthly
202501,49.1,Consumer_Confidence_Index,A0B0101,Monthly
202502,50.2,Consumer_Confidence_Index,A0B0101,Monthly
202503,50.5,Consumer_Confidence_Index,A0B0101,Monthly
202504,48.96318378,Consumer_Confidence_Index,A0B0101,Monthly
202505,49.5,Consumer_Confidence_Index,A0B0101,Monthly
202506,49.7,Consumer_Confidence_Index,A0B0101,Monthly
202507,49.3,Consumer_Confidence_Index,A0B0101,Monthly
202508,49.4,Consumer_Confidence_Index,A0B0101,Monthly
202509,49.8,Consumer_Confidence_Index,A0B0101,Monthly
202510,49,Consumer_Confidence_Index,A0B0101,Monthly
202511,49.2,Consumer_Confidence_Index,A0B0101,Monthly
200001,102.24,Real_Estate_Climate_Index,A010502,Monthly
200002,102.57,Real_Estate_Climate_Index,A010502,Monthly
200003,101.82,Real_Estate_Climate_Index,A010502,Monthly
200004,101.85,Real_Estate_Climate_Index,A010502,Monthly
200005,102.2,Real_Estate_Climate_Index,A010502,Monthly
200006,102.69,Real_Estate_Climate_Index,A010502,Monthly
200007,102.94,Real_Estate_Climate_Index,A010502,Monthly
200008,103.32,Real_Estate_Climate_Index,A010502,Monthly
200009,103.52,Real_Estate_Climate_Index,A010502,Monthly
200010,103.43,Real_Estate_Climate_Index,A010502,Monthly
200011,103.68,Real_Estate_Climate_Index,A010502,Monthly
200012,104,Real_Estate_Climate_Index,A010502,Monthly
200101,105.22,Real_Estate_Climate_Index,A010502,Monthly
200102,105.02,Real_Estate_Climate_Index,A010502,Monthly
200103,106.15,Real_Estate_Climate_Index,A010502,Monthly
200104,106.88,Real_Estate_Climate_Index,A010502,Monthly
200105,106.51,Real_Estate_Climate_Index,A010502,Monthly
200106,106.01,Real_Estate_Climate_Index,A010502,Monthly
200107,106.44,Real_Estate_Climate_Index,A010502,Monthly
200108,106.36,Real_Estate_Climate_Index,A010502,Monthly
200109,105.85,Real_Estate_Climate_Index,A010502,Monthly
200110,105.63,Real_Estate_Climate_Index,A010502,Monthly
200111,105.1,Real_Estate_Climate_Index,A010502,Monthly
200112,105.27,Real_Estate_Climate_Index,A010502,Monthly
200201,103.91,Real_Estate_Climate_Index,A010502,Monthly
200202,103.53,Real_Estate_Climate_Index,A010502,Monthly
200203,103.87,Real_Estate_Climate_Index,A010502,Monthly
200204,104.6,Real_Estate_Climate_Index,A010502,Monthly
200205,104.37,Real_Estate_Climate_Index,A010502,Monthly
200206,104.65,Real_Estate_Climate_Index,A010502,Monthly
200207,104.29,Real_Estate_Climate_Index,A010502,Monthly
200208,104.46,Real_Estate_Climate_Index,A010502,Monthly
200209,104.97,Real_Estate_Climate_Index,A010502,Monthly
200210,105.15,Real_Estate_Climate_Index,A010502,Monthly
200211,104.9,Real_Estate_Climate_Index,A010502,Monthly
200212,104.18,Real_Estate_Climate_Index,A010502,Monthly
200301,108.89,Real_Estate_Climate_Index,A010502,Monthly
200302,109.14,Real_Estate_Climate_Index,A010502,Monthly
200303,107.34,Real_Estate_Climate_Index,A010502,Monthly
200304,106.89,Real_Estate_Climate_Index,A010502,Monthly
200305,106.28,Real_Estate_Climate_Index,A010502,Monthly
200306,107.04,Real_Estate_Climate_Index,A010502,Monthly
200307,107.27,Real_Estate_Climate_Index,A010502,Monthly
200308,106.89,Real_Estate_Climate_Index,A010502,Monthly
200309,106.65,Real_Estate_Climate_Index,A010502,Monthly
200310,106.67,Real_Estate_Climate_Index,A010502,Monthly
200311,106.42,Real_Estate_Climate_Index,A010502,Monthly
200312,106.23,Real_Estate_Climate_Index,A010502,Monthly
200401,106.59,Real_Estate_Climate_Index,A010502,Monthly
200402,107.66,Real_Estate_Climate_Index,A010502,Monthly
200403,106.2,Real_Estate_Climate_Index,A010502,Monthly
200404,105.77,Real_Estate_Climate_Index,A010502,Monthly
200405,105.92,Real_Estate_Climate_Index,A010502,Monthly
200406,105.18,Real_Estate_Climate_Index,A010502,Monthly
200407,105.25,Real_Estate_Climate_Index,A010502,Monthly
200408,105.16,Real_Estate_Climate_Index,A010502,Monthly
200409,104.83,Real_Estate_Climate_Index,A010502,Monthly
200410,104.87,Real_Estate_Climate_Index,A010502,Monthly
200411,105.09,Real_Estate_Climate_Index,A010502,Monthly
200412,105.32,Real_Estate_Climate_Index,A010502,Monthly
200501,103.12,Real_Estate_Climate_Index,A010502,Monthly
200502,102.71,Real_Estate_Climate_Index,A010502,Monthly
200503,102.43,Real_Estate_Climate_Index,A010502,Monthly
200504,102.26,Real_Estate_Climate_Index,A010502,Monthly
200505,102.17,Real_Estate_Climate_Index,A010502,Monthly
200506,102.08,Real_Estate_Climate_Index,A010502,Monthly
200507,101.97,Real_Estate_Climate_Index,A010502,Monthly
200508,101.76,Real_Estate_Climate_Index,A010502,Monthly
200509,101.42,Real_Estate_Climate_Index,A010502,Monthly
200510,101.02,Real_Estate_Climate_Index,A010502,Monthly
200511,100.69,Real_Estate_Climate_Index,A010502,Monthly
200512,100.61,Real_Estate_Climate_Index,A010502,Monthly
200601,100.76,Real_Estate_Climate_Index,A010502,Monthly
200602,101.05,Real_Estate_Climate_Index,A010502,Monthly
200603,101.46,Real_Estate_Climate_Index,A010502,Monthly
200604,101.61,Real_Estate_Climate_Index,A010502,Monthly
200605,101.87,Real_Estate_Climate_Index,A010502,Monthly
200606,102.93,Real_Estate_Climate_Index,A010502,Monthly
200607,103.51,Real_Estate_Climate_Index,A010502,Monthly
200608,103.31,Real_Estate_Climate_Index,A010502,Monthly
200609,103.14,Real_Estate_Climate_Index,A010502,Monthly
200610,103.4,Real_Estate_Climate_Index,A010502,Monthly
200611,103.92,Real_Estate_Climate_Index,A010502,Monthly
200612,102.96,Real_Estate_Climate_Index,A010502,Monthly
200701,102.42,Real_Estate_Climate_Index,A010502,Monthly
200702,101.78,Real_Estate_Climate_Index,A010502,Monthly
200703,101.22,Real_Estate_Climate_Index,A010502,Monthly
200704,102.65,Real_Estate_Climate_Index,A010502,Monthly
200705,103.32,Real_Estate_Climate_Index,A010502,Monthly
200706,103.63,Real_Estate_Climate_Index,A010502,Monthly
200707,104,Real_Estate_Climate_Index,A010502,Monthly
200708,104.48,Real_Estate_Climate_Index,A010502,Monthly
200709,104.99,Real_Estate_Climate_Index,A010502,Monthly
200710,105.74,Real_Estate_Climate_Index,A010502,Monthly
200711,106.59,Real_Estate_Climate_Index,A010502,Monthly
200712,106.45,Real_Estate_Climate_Index,A010502,Monthly
200801,106.11,Real_Estate_Climate_Index,A010502,Monthly
200802,105.55,Real_Estate_Climate_Index,A010502,Monthly
200803,104.72,Real_Estate_Climate_Index,A010502,Monthly
200804,104.07,Real_Estate_Climate_Index,A010502,Monthly
200805,103.34,Real_Estate_Climate_Index,A010502,Monthly
200806,103.08,Real_Estate_Climate_Index,A010502,Monthly
200807,102.36,Real_Estate_Climate_Index,A010502,Monthly
200808,101.78,Real_Estate_Climate_Index,A010502,Monthly
200809,101.15,Real_Estate_Climate_Index,A010502,Monthly
200810,99.68,Real_Estate_Climate_Index,A010502,Monthly
200811,98.46,Real_Estate_Climate_Index,A010502,Monthly
200812,96.46,Real_Estate_Climate_Index,A010502,Monthly
200901,,Real_Estate_Climate_Index,A010502,Monthly
200902,94.86,Real_Estate_Climate_Index,A010502,Monthly
200903,94.74,Real_Estate_Climate_Index,A010502,Monthly
200904,94.76,Real_Estate_Climate_Index,A010502,Monthly
200905,95.94,Real_Estate_Climate_Index,A010502,Monthly
200906,96.55,Real_Estate_Climate_Index,A010502,Monthly
200907,98.01,Real_Estate_Climate_Index,A010502,Monthly
200908,100.08,Real_Estate_Climate_Index,A010502,Monthly
200909,101.08,Real_Estate_Climate_Index,A010502,Monthly
200910,102.03,Real_Estate_Climate_Index,A010502,Monthly
200911,102.78,Real_Estate_Climate_Index,A010502,Monthly
200912,103.66,Real_Estate_Climate_Index,A010502,Monthly
201001,,Real_Estate_Climate_Index,A010502,Monthly
201002,105.47,Real_Estate_Climate_Index,A010502,Monthly
201003,105.89,Real_Estate_Climate_Index,A010502,Monthly
201004,105.66,Real_Estate_Climate_Index,A010502,Monthly
201005,105.07,Real_Estate_Climate_Index,A010502,Monthly
201006,105.06,Real_Estate_Climate_Index,A010502,Monthly
201007,104.72,Real_Estate_Climate_Index,A010502,Monthly
201008,104.11,Real_Estate_Climate_Index,A010502,Monthly
201009,103.52,Real_Estate_Climate_Index,A010502,Monthly
201010,103.57,Real_Estate_Climate_Index,A010502,Monthly
201011,103.2,Real_Estate_Climate_Index,A010502,Monthly
201012,101.79,Real_Estate_Climate_Index,A010502,Monthly
201101,,Real_Estate_Climate_Index,A010502,Monthly
201102,102.9,Real_Estate_Climate_Index,A010502,Monthly
201103,102.98,Real_Estate_Climate_Index,A010502,Monthly
201104,103.19,Real_Estate_Climate_Index,A010502,Monthly
201105,103.2,Real_Estate_Climate_Index,A010502,Monthly
201106,101.75,Real_Estate_Climate_Index,A010502,Monthly
201107,101.5,Real_Estate_Climate_Index,A010502,Monthly
201108,101.12,Real_Estate_Climate_Index,A010502,Monthly
201109,100.41,Real_Estate_Climate_Index,A010502,Monthly
201110,100.27,Real_Estate_Climate_Index,A010502,Monthly
201111,99.87,Real_Estate_Climate_Index,A010502,Monthly
201112,98.89,Real_Estate_Climate_Index,A010502,Monthly
201201,,Real_Estate_Climate_Index,A010502,Monthly
201202,97.89,Real_Estate_Climate_Index,A010502,Monthly
201203,96.92,Real_Estate_Climate_Index,A010502,Monthly
201204,95.62,Real_Estate_Climate_Index,A010502,Monthly
201205,94.9,Real_Estate_Climate_Index,A010502,Monthly
201206,94.71,Real_Estate_Climate_Index,A010502,Monthly
201207,94.57,Real_Estate_Climate_Index,A010502,Monthly
201208,94.64,Real_Estate_Climate_Index,A010502,Monthly
201209,94.39,Real_Estate_Climate_Index,A010502,Monthly
201210,94.56,Real_Estate_Climate_Index,A010502,Monthly
201211,95.71,Real_Estate_Climate_Index,A010502,Monthly
201212,95.59,Real_Estate_Climate_Index,A010502,Monthly
201301,,Real_Estate_Climate_Index,A010502,Monthly
201302,97.92,Real_Estate_Climate_Index,A010502,Monthly
201303,97.56,Real_Estate_Climate_Index,A010502,Monthly
201304,97.35,Real_Estate_Climate_Index,A010502,Monthly
201305,97.26,Real_Estate_Climate_Index,A010502,Monthly
201306,97.29,Real_Estate_Climate_Index,A010502,Monthly
201307,97.39,Real_Estate_Climate_Index,A010502,Monthly
201308,97.29,Real_Estate_Climate_Index,A010502,Monthly
201309,97.25,Real_Estate_Climate_Index,A010502,Monthly
201310,96.88,Real_Estate_Climate_Index,A010502,Monthly
201311,96.38,Real_Estate_Climate_Index,A010502,Monthly
201312,97.21,Real_Estate_Climate_Index,A010502,Monthly
201401,,Real_Estate_Climate_Index,A010502,Monthly
201402,96.91,Real_Estate_Climate_Index,A010502,Monthly
201403,96.4,Real_Estate_Climate_Index,A010502,Monthly
201404,95.79,Real_Estate_Climate_Index,A010502,Monthly
201405,95.02,Real_Estate_Climate_Index,A010502,Monthly
201406,94.84,Real_Estate_Climate_Index,A010502,Monthly
201407,94.82,Real_Estate_Climate_Index,A010502,Monthly
201408,94.79,Real_Estate_Climate_Index,A010502,Monthly
201409,94.72,Real_Estate_Climate_Index,A010502,Monthly
201410,94.76,Real_Estate_Climate_Index,A010502,Monthly
201411,94.3,Real_Estate_Climate_Index,A010502,Monthly
201412,93.93,Real_Estate_Climate_Index,A010502,Monthly
201501,,Real_Estate_Climate_Index,A010502,Monthly
201502,93.77,Real_Estate_Climate_Index,A010502,Monthly
201503,93.11,Real_Estate_Climate_Index,A010502,Monthly
201504,92.56,Real_Estate_Climate_Index,A010502,Monthly
201505,92.43,Real_Estate_Climate_Index,A010502,Monthly
201506,92.63,Real_Estate_Climate_Index,A010502,Monthly
201507,93.03,Real_Estate_Climate_Index,A010502,Monthly
201508,93.46,Real_Estate_Climate_Index,A010502,Monthly
201509,93.4,Real_Estate_Climate_Index,A010502,Monthly
201510,93.34,Real_Estate_Climate_Index,A010502,Monthly
201511,93.35,Real_Estate_Climate_Index,A010502,Monthly
201512,93.34,Real_Estate_Climate_Index,A010502,Monthly
201601,,Real_Estate_Climate_Index,A010502,Monthly
201602,93.67,Real_Estate_Climate_Index,A010502,Monthly
201603,94.18,Real_Estate_Climate_Index,A010502,Monthly
201604,94.41,Real_Estate_Climate_Index,A010502,Monthly
201605,94.48,Real_Estate_Climate_Index,A010502,Monthly
201606,100.93,Real_Estate_Climate_Index,A010502,Monthly
201607,100.36,Real_Estate_Climate_Index,A010502,Monthly
201608,100.4,Real_Estate_Climate_Index,A010502,Monthly
201609,100.54,Real_Estate_Climate_Index,A010502,Monthly
201610,100.75,Real_Estate_Climate_Index,A010502,Monthly
201611,100.85,Real_Estate_Climate_Index,A010502,Monthly
201612,101,Real_Estate_Climate_Index,A010502,Monthly
201701,100.75,Real_Estate_Climate_Index,A010502,Monthly
201702,100.76,Real_Estate_Climate_Index,A010502,Monthly
201703,101.13,Real_Estate_Climate_Index,A010502,Monthly
201704,101.23,Real_Estate_Climate_Index,A010502,Monthly
201705,101.18,Real_Estate_Climate_Index,A010502,Monthly
201706,101.37,Real_Estate_Climate_Index,A010502,Monthly
201707,101.42,Real_Estate_Climate_Index,A010502,Monthly
201708,101.42,Real_Estate_Climate_Index,A010502,Monthly
201709,101.44,Real_Estate_Climate_Index,A010502,Monthly
201710,101.49,Real_Estate_Climate_Index,A010502,Monthly
201711,101.63,Real_Estate_Climate_Index,A010502,Monthly
201712,101.72,Real_Estate_Climate_Index,A010502,Monthly
201801,101.65,Real_Estate_Climate_Index,A010502,Monthly
201802,101.66,Real_Estate_Climate_Index,A010502,Monthly
201803,101.5,Real_Estate_Climate_Index,A010502,Monthly
201804,101.37,Real_Estate_Climate_Index,A010502,Monthly
201805,101.58,Real_Estate_Climate_Index,A010502,Monthly
201806,101.68,Real_Estate_Climate_Index,A010502,Monthly
201807,101.88,Real_Estate_Climate_Index,A010502,Monthly
201808,101.98,Real_Estate_Climate_Index,A010502,Monthly
201809,101.99,Real_Estate_Climate_Index,A010502,Monthly
201810,101.94,Real_Estate_Climate_Index,A010502,Monthly
201811,101.92,Real_Estate_Climate_Index,A010502,Monthly
201812,101.85,Real_Estate_Climate_Index,A010502,Monthly
201901,,Real_Estate_Climate_Index,A010502,Monthly
201902,100.57,Real_Estate_Climate_Index,A010502,Monthly
201903,100.78,Real_Estate_Climate_Index,A010502,Monthly
201904,100.92,Real_Estate_Climate_Index,A010502,Monthly
201905,100.85,Real_Estate_Climate_Index,A010502,Monthly
201906,100.89,Real_Estate_Climate_Index,A010502,Monthly
201907,100.9,Real_Estate_Climate_Index,A010502,Monthly
201908,100.94,Real_Estate_Climate_Index,A010502,Monthly
201909,101.08,Real_Estate_Climate_Index,A010502,Monthly
201910,101.14,Real_Estate_Climate_Index,A010502,Monthly
201911,101.16,Real_Estate_Climate_Index,A010502,Monthly
201912,101.13,Real_Estate_Climate_Index,A010502,Monthly
202001,,Real_Estate_Climate_Index,A010502,Monthly
202002,97.39,Real_Estate_Climate_Index,A010502,Monthly
202003,98.18,Real_Estate_Climate_Index,A010502,Monthly
202004,98.86,Real_Estate_Climate_Index,A010502,Monthly
202005,99.35,Real_Estate_Climate_Index,A010502,Monthly
202006,99.85,Real_Estate_Climate_Index,A010502,Monthly
202007,100.09,Real_Estate_Climate_Index,A010502,Monthly
202008,100.33,Real_Estate_Climate_Index,A010502,Monthly
202009,100.43,Real_Estate_Climate_Index,A010502,Monthly
202010,100.5,Real_Estate_Climate_Index,A010502,Monthly
202011,100.55,Real_Estate_Climate_Index,A010502,Monthly
202012,100.76,Real_Estate_Climate_Index,A010502,Monthly
202101,,Real_Estate_Climate_Index,A010502,Monthly
202102,101.41,Real_Estate_Climate_Index,A010502,Monthly
202103,101.29,Real_Estate_Climate_Index,A010502,Monthly
202104,101.27,Real_Estate_Climate_Index,A010502,Monthly
202105,101.17,Real_Estate_Climate_Index,A010502,Monthly
202106,101.05,Real_Estate_Climate_Index,A010502,Monthly
202107,100.98,Real_Estate_Climate_Index,A010502,Monthly
202108,,Real_Estate_Climate_Index,A010502,Monthly
202109,,Real_Estate_Climate_Index,A010502,Monthly
202110,,Real_Estate_Climate_Index,A010502,Monthly
202111,100.51,Real_Estate_Climate_Index,A010502,Monthly
202112,100.36,Real_Estate_Climate_Index,A010502,Monthly
202201,96.83,Real_Estate_Climate_Index,A010502,Monthly
202202,96.83,Real_Estate_Climate_Index,A010502,Monthly
202203,96.66,Real_Estate_Climate_Index,A010502,Monthly
202204,95.89,Real_Estate_Climate_Index,A010502,Monthly
202205,95.6,Real_Estate_Climate_Index,A010502,Monthly
202206,95.4,Real_Estate_Climate_Index,A010502,Monthly
202207,95.26,Real_Estate_Climate_Index,A010502,Monthly
202208,95.07,Real_Estate_Climate_Index,A010502,Monthly
202209,94.86,Real_Estate_Climate_Index,A010502,Monthly
202210,94.7,Real_Estate_Climate_Index,A010502,Monthly
202211,94.42,Real_Estate_Climate_Index,A010502,Monthly
202212,94.35,Real_Estate_Climate_Index,A010502,Monthly
202301,94.45,Real_Estate_Climate_Index,A010502,Monthly
202302,94.67,Real_Estate_Climate_Index,A010502,Monthly
202303,94.71,Real_Estate_Climate_Index,A010502,Monthly
202304,94.78,Real_Estate_Climate_Index,A010502,Monthly
202305,94.56,Real_Estate_Climate_Index,A010502,Monthly
202306,94.06,Real_Estate_Climate_Index,A010502,Monthly
202307,93.78,Real_Estate_Climate_Index,A010502,Monthly
202308,93.56,Real_Estate_Climate_Index,A010502,Monthly
202309,93.44,Real_Estate_Climate_Index,A010502,Monthly
202310,93.4,Real_Estate_Climate_Index,A010502,Monthly
202311,93.42,Real_Estate_Climate_Index,A010502,Monthly
202312,93.36,Real_Estate_Climate_Index,A010502,Monthly
202401,92.4,Real_Estate_Climate_Index,A010502,Monthly
202402,92.13,Real_Estate_Climate_Index,A010502,Monthly
202403,92.07,Real_Estate_Climate_Index,A010502,Monthly
202404,92.02,Real_Estate_Climate_Index,A010502,Monthly
202405,92.01,Real_Estate_Climate_Index,A010502,Monthly
202406,92.11,Real_Estate_Climate_Index,A010502,Monthly
202407,92.22,Real_Estate_Climate_Index,A010502,Monthly
202408,92.35,Real_Estate_Climate_Index,A010502,Monthly
202409,92.41,Real_Estate_Climate_Index,A010502,Monthly
202410,92.49,Real_Estate_Climate_Index,A010502,Monthly
202411,92.62,Real_Estate_Climate_Index,A010502,Monthly
202412,92.78,Real_Estate_Climate_Index,A010502,Monthly
202501,,Real_Estate_Climate_Index,A010502,Monthly
202502,93.8,Real_Estate_Climate_Index,A010502,Monthly
202503,93.96,Real_Estate_Climate_Index,A010502,Monthly
202504,93.86,Real_Estate_Climate_Index,A010502,Monthly
202505,93.72,Real_Estate_Climate_Index,A010502,Monthly
202506,93.06,Real_Estate_Climate_Index,A010502,Monthly
202507,93.34,Real_Estate_Climate_Index,A010502,Monthly
202508,93.05,Real_Estate_Climate_Index,A010502,Monthly
202509,92.78,Real_Estate_Climate_Index,A010502,Monthly
202510,92.43,Real_Estate_Climate_Index,A010502,Monthly
202511,,Real_Estate_Climate_Index,A010502,Monthly
